run,lr,seed,epoch,k,sv_mass,energy_mass,pa_mean_cos,pa_min_cos,pa_grassmann,cka_main_tofinal,cka_resid_tofinal
final_lr005_seed42,0.05,42,0,1,0.2078785073828656,0.923090621015154,0.000429753363560648,0.000429753363560648,1.5703665734181076,0.0808284963432443,0.04794315906670136
final_lr005_seed42,0.05,42,0,2,0.2338471700132361,0.9374959880233705,0.09037895341195382,0.0720841936364534,2.0935912274072037,0.0679636452919442,0.03396840907971122
final_lr005_seed42,0.05,42,0,4,0.274388146975233,0.9555523159949866,0.08619576290700796,0.015174490893853778,2.971155761269159,0.07696704220882833,0.020984295895814672
final_lr005_seed42,0.05,42,0,8,0.3203011168015498,0.9672947694590875,0.10954694355393499,0.008185854776224065,4.13735687478565,0.06718209826340044,0.013612407977113872
final_lr005_seed42,0.05,42,0,16,0.3735282158155687,0.9750085229540789,0.18912335551348153,0.0006036963469332975,5.550804159948507,0.06584183739971251,0.03982464061080783
final_lr005_seed42,0.05,42,0,32,0.4412990979999116,0.9812265632333992,0.23520332917309322,0.019676639441281184,7.581001649025024,0.06589954384076106,0.05454790261564816
final_lr005_seed42,0.05,42,0,39,0.4648223915569377,0.9829160167037828,0.2531709106461838,0.003419103104987076,8.257348642930495,0.0659101876837518,0.05951047949460611
final_lr005_seed42,0.05,42,0,52,0.5037478885718109,0.9854118389718423,0.2824792135524517,0.008388160653027742,9.323511220968193,0.06592787077083515,0.07368430834181554
final_lr005_seed42,0.05,42,0,64,0.5348862883237178,0.98713980586641,0.3130414801775345,0.001058141982564835,10.09592979783791,0.06594050675177597,0.0874464171532872
final_lr005_seed42,0.05,42,0,128,0.6618308047552033,0.9925904121924114,0.4381579712847257,0.0010993418156245401,12.822865136196205,0.06596681951720534,0.10184682218584665
final_lr005_seed42,0.05,42,0,256,0.8265856367282626,0.9972019652943213,0.6308974232469509,0.002295927370147429,14.654341665366143,0.06597817281385852,0.08935525215281778
final_lr005_seed42,0.05,42,0,512,0.9999999999999987,0.9999999999999999,1.0,1.0,3.117002728127922e-14,0.06598414685583906,0.999984602576054
final_lr005_seed42,0.05,42,1,1,0.07307441519665377,0.33255976329352216,0.7129404486844919,0.7129404486844919,0.7771137009776362,0.7212172057933275,0.3153696624449242
final_lr005_seed42,0.05,42,1,2,0.13126506798067406,0.543444653446749,0.5202085199852471,0.29706844916015906,1.4655049028188576,0.5482914116069116,0.23119768007415095
final_lr005_seed42,0.05,42,1,4,0.20895020549298066,0.7322415892085216,0.6595929691356708,0.5146760970307881,1.7066068114900312,0.5455534314957377,0.13839193816942624
final_lr005_seed42,0.05,42,1,8,0.30127680285565617,0.8711935845069926,0.5855730929299097,0.057862658036650826,2.7143459530411937,0.47018649083734687,0.023667630488813648
final_lr005_seed42,0.05,42,1,16,0.3818479956195167,0.9248293328245245,0.49807005747844396,0.017600897233939858,4.28385873679258,0.46192594740680687,0.05248525237346069
final_lr005_seed42,0.05,42,1,32,0.46202432395786824,0.9504768638409778,0.43080866972122805,0.01673482337447085,6.477716031880331,0.4623595610468081,0.06725721210697713
final_lr005_seed42,0.05,42,1,39,0.4873847821119289,0.9562118394403817,0.419037131453959,0.0011819973066748547,7.2263038696576,0.4624234232253227,0.07422593870336061
final_lr005_seed42,0.05,42,1,52,0.5264964514416218,0.9635699734017649,0.41928867842725615,0.004253847866999759,8.334203471028738,0.46247212022148976,0.08826570191832142
final_lr005_seed42,0.05,42,1,64,0.55651309662605,0.9682552290041191,0.42629446041699043,0.002952133145878718,9.181780145834724,0.4624993484843011,0.10181495548215377
final_lr005_seed42,0.05,42,1,128,0.6702084823414516,0.9810772399967465,0.49393699401755514,0.004919052819064023,12.146375586299225,0.4625510817269338,0.11332806910192841
final_lr005_seed42,0.05,42,1,256,0.8159336019594209,0.9915644331948039,0.6568969453255111,0.0007148617108287243,14.100947340688801,0.4625795096251914,0.09858844434335243
final_lr005_seed42,0.05,42,1,512,0.9999999999999994,0.9999999999999997,1.0,1.0,3.1076759148312264e-14,0.4626002238909576,0.9999800625513001
final_lr005_seed42,0.05,42,2,1,0.0718222203429873,0.30890295365218656,0.6786249223429592,0.6786249223429592,0.8249074810039554,0.6524505494113241,0.3441153107792598
final_lr005_seed42,0.05,42,2,2,0.1284728113659066,0.5010852140994317,0.5193982018970748,0.31797895566138934,1.463550215469639,0.530315206754266,0.33473055620177183
final_lr005_seed42,0.05,42,2,4,0.20918094853493757,0.7003792204323017,0.5220297515280411,0.04085343342350449,2.0902540625798096,0.5055954593218546,0.23678793793457867
final_lr005_seed42,0.05,42,2,8,0.3107714662623899,0.8607459011097429,0.6134078074762335,0.040798036475735766,2.625361034940063,0.4697719561500093,0.02707901965805537
final_lr005_seed42,0.05,42,2,16,0.40318793725973756,0.9298306838291854,0.55700926733256,0.0573301067147277,4.014670828430604,0.46788071650473756,0.06624832700069194
final_lr005_seed42,0.05,42,2,32,0.4846695984681795,0.9554977619321271,0.46798145949805897,0.014768239261629077,6.250897543858416,0.46821908546687047,0.0771912834162785
final_lr005_seed42,0.05,42,2,39,0.509953314689694,0.9609753841396983,0.46402801310872066,0.00966142093032718,6.919924940833931,0.46828077968545795,0.08365719265633138
final_lr005_seed42,0.05,42,2,52,0.5484885657099261,0.967846855187082,0.45931859928085217,0.01020456286997565,8.026523894343326,0.46833965203677413,0.09794519166992731
final_lr005_seed42,0.05,42,2,64,0.5776090560408184,0.972088864147937,0.4632261883988568,0.011300598557657028,8.86427777373373,0.4683655660775347,0.11105904333035169
final_lr005_seed42,0.05,42,2,128,0.6877990745553363,0.9836860958191482,0.5113998064793578,0.007421216039266537,11.930307994217115,0.4684150247370921,0.11882832247646938
final_lr005_seed42,0.05,42,2,256,0.8257598560884697,0.9927390787387768,0.6642553321208534,0.0040233773476142445,13.94371345728379,0.4684375324600566,0.10001162682716648
final_lr005_seed42,0.05,42,2,512,1.0000000000000002,0.9999999999999996,1.0,1.0,3.1320743637076404e-14,0.46845278947943764,0.9999797895083202
final_lr005_seed42,0.05,42,3,1,0.0708642198764358,0.3290974760267137,0.658145437179475,0.658145437179475,0.8524434821822588,0.6994403600028746,0.48967843552355034
final_lr005_seed42,0.05,42,3,2,0.11701296535415422,0.4686669139981342,0.4779658352722113,0.2387141832294083,1.5371016455061388,0.5861706570358273,0.3467690477164224
final_lr005_seed42,0.05,42,3,4,0.19539140627162987,0.671533566741417,0.6905159737876495,0.44919075984441953,1.6284218119641556,0.634782032638928,0.34307792208089505
final_lr005_seed42,0.05,42,3,8,0.29475121485740347,0.8387992799682175,0.6990722148965591,0.4084002205634027,2.2679608137491174,0.5831167802400721,0.052703018388645606
final_lr005_seed42,0.05,42,3,16,0.38883941226630125,0.9198365305261772,0.5650476519705692,0.04610684804039209,3.984622130865312,0.5789514693143527,0.07749907442475615
final_lr005_seed42,0.05,42,3,32,0.4715168553914298,0.9485792402915696,0.4997296549062793,0.0022709807951683475,6.054196617375265,0.5794592757111914,0.08558913700708497
final_lr005_seed42,0.05,42,3,39,0.4977015925455027,0.9550077942113814,0.4933195991995213,0.00770523340682054,6.718504124515613,0.5795359843887344,0.08906536621099248
final_lr005_seed42,0.05,42,3,52,0.5374557694314197,0.9630126800158041,0.4891830635403397,0.014506254620246996,7.7867950140443325,0.5795957716785364,0.10579547947717596
final_lr005_seed42,0.05,42,3,64,0.5676248280581854,0.9679939534453623,0.4848629025220329,0.007460268242763465,8.677455926815135,0.5796229305645424,0.1159483615752042
final_lr005_seed42,0.05,42,3,128,0.6807180360976078,0.9813733596111894,0.5295224456604404,0.005506124968026881,11.694561390026536,0.5796777777791904,0.12074979884651883
final_lr005_seed42,0.05,42,3,256,0.8211217046894272,0.9916351059882456,0.6732742896323165,0.0002566050577547765,13.74500704441669,0.5797024187997274,0.09976919638655418
final_lr005_seed42,0.05,42,3,512,0.9999999999999994,0.9999999999999993,1.0,1.0,3.138067180257997e-14,0.5797199903024485,0.9999760615548816
final_lr005_seed42,0.05,42,4,1,0.06857839678532555,0.281364129960938,0.6953783088323312,0.6953783088323312,0.8018501395192668,0.7553162392924121,0.5324209995565929
final_lr005_seed42,0.05,42,4,2,0.12234708618680058,0.454327036841683,0.6077154886084083,0.500111949444045,1.3019170870528916,0.6403116236406095,0.4689501376856762
final_lr005_seed42,0.05,42,4,4,0.2077751007442981,0.6764276207873137,0.6027500834987305,0.3205171735438536,1.8661026072990212,0.6067059728200761,0.2994617105877263
final_lr005_seed42,0.05,42,4,8,0.3174398565802184,0.8618933877334367,0.7225725012057272,0.500046393362884,2.171505016567941,0.6122000248624803,0.05319545500223218
final_lr005_seed42,0.05,42,4,16,0.40796382280427707,0.9314252611444315,0.5808262745003916,0.0025236145725380126,3.9188505004373693,0.614226877555079,0.09059668284389091
final_lr005_seed42,0.05,42,4,32,0.48691136111595684,0.9552752710010698,0.514186449174186,0.007727497120209078,5.951757939708567,0.6144926291595861,0.09343897722818524
final_lr005_seed42,0.05,42,4,39,0.5125105698227488,0.9608832098787348,0.5019938240285011,0.0013784824675119184,6.657170583205678,0.6145524330046355,0.09445508827046403
final_lr005_seed42,0.05,42,4,52,0.5519238152498969,0.9680731454589289,0.5061087179498599,0.004770166248331086,7.647267828576589,0.6146220137104806,0.11151182114096773
final_lr005_seed42,0.05,42,4,64,0.5817558094449741,0.972517609806951,0.5042930466344548,0.0003059484313921988,8.499836747229764,0.6146481368847747,0.12152355355332053
final_lr005_seed42,0.05,42,4,128,0.6923659446912261,0.9842136694371376,0.5395199677161355,0.0070808525691769585,11.561749266907254,0.6146991629660611,0.12235398991115307
final_lr005_seed42,0.05,42,4,256,0.8277040043015598,0.992923680856316,0.6756981407964616,0.00034596590545017664,13.69389072393331,0.6147220104880436,0.10138823274756398
final_lr005_seed42,0.05,42,4,512,0.9999999999999999,1.000000000000001,1.0,1.0,3.141264396667426e-14,0.6147345322931733,0.9999764885488821
final_lr005_seed42,0.05,42,5,1,0.07424049756870117,0.32181469366727006,0.6808277741956865,0.6808277741956865,0.8219041306230368,0.7721927602495047,0.5850563924961697
final_lr005_seed42,0.05,42,5,2,0.12187048465907035,0.45427478475107624,0.5382220083040294,0.3832428756189196,1.4262926554808308,0.6453339552942707,0.4881117131078426
final_lr005_seed42,0.05,42,5,4,0.20375152370594232,0.6503110334367775,0.5895965432309502,0.225726049842009,1.9072375095644065,0.6295143352000382,0.3718031167487667
final_lr005_seed42,0.05,42,5,8,0.3242376518560914,0.8692295574285338,0.7413896188480309,0.5560553598030696,2.0891429148029896,0.6406235476678857,0.11580255898291276
final_lr005_seed42,0.05,42,5,16,0.41174922291076993,0.9315245754826968,0.580299091343075,0.0188588152410656,3.9203671990150175,0.640582542773371,0.10220227206935885
final_lr005_seed42,0.05,42,5,32,0.49383527913308584,0.9566434653444988,0.5241044523787317,0.01347507085434085,5.884818803721409,0.6407852080353915,0.09890152487415771
final_lr005_seed42,0.05,42,5,39,0.5199339335024613,0.9623354655204784,0.5169762650766005,0.009217342406325312,6.54855484914239,0.6408296149706668,0.102766272003038
final_lr005_seed42,0.05,42,5,52,0.5602367461756138,0.9696622057596568,0.5182583529581982,0.0018582458033125433,7.546730083540157,0.6408828700031585,0.11667863431568261
final_lr005_seed42,0.05,42,5,64,0.590463732934826,0.9741215908967196,0.5192985668331423,2.6791989467831577e-05,8.357989256704219,0.6409087406789398,0.12537742978618535
final_lr005_seed42,0.05,42,5,128,0.6998351240000471,0.9853088386792896,0.5417765172970241,0.001030845036983512,11.538371135833849,0.640954065346015,0.12441302323603995
final_lr005_seed42,0.05,42,5,256,0.8322691356369012,0.9934508824036615,0.6750638456742178,0.008870126123854002,13.705044949711798,0.6409726267623554,0.10341579071338627
final_lr005_seed42,0.05,42,5,512,1.0000000000000004,1.0000000000000002,1.0,1.0,3.159967666796234e-14,0.6409853139923771,0.9999761468543542
final_lr005_seed42,0.05,42,6,1,0.06881137485978038,0.2714434995360162,0.745137206367552,0.745137206367552,0.730055775246483,0.7947003414389912,0.6233659494765275
final_lr005_seed42,0.05,42,6,2,0.11786228793710919,0.40937173099000085,0.6979294479489977,0.6459664852193723,1.1299935540908292,0.7213025503585778,0.5675816323330796
final_lr005_seed42,0.05,42,6,4,0.2051525337663532,0.6279513935047064,0.6476015452866796,0.2640083489074155,1.7612490772111835,0.6560252938056349,0.4215909864454596
final_lr005_seed42,0.05,42,6,8,0.3323590050165311,0.8643857249244454,0.7544236796421946,0.566937789879061,2.0342430351802183,0.6623268156804477,0.15537154410090712
final_lr005_seed42,0.05,42,6,16,0.42356218143528906,0.9351394536738051,0.6260686103760342,0.02508433923135234,3.673152591769847,0.6684394328642986,0.10578951361452738
final_lr005_seed42,0.05,42,6,32,0.5048892620240777,0.9594895868937146,0.5549361390160843,0.035755117442841,5.6795859376574205,0.6686818414152862,0.1014271593232332
final_lr005_seed42,0.05,42,6,39,0.530598143729832,0.9649102923781443,0.5394395925394446,0.02700521308037102,6.383994064956805,0.6687256311992361,0.10497494231915555
final_lr005_seed42,0.05,42,6,52,0.5694054687058945,0.9715949229483831,0.536003822293695,0.017848597751438988,7.39581716901799,0.6687803325887762,0.12042799431499995
final_lr005_seed42,0.05,42,6,64,0.5986964866200489,0.9757032700978095,0.529461198867746,0.012065719440383559,8.263380433969767,0.6688072026848265,0.12933261317833689
final_lr005_seed42,0.05,42,6,128,0.7050081058452371,0.9860811690352123,0.5453160657241418,0.0011071834669856768,11.489654397567723,0.6688466619544513,0.12768931500049077
final_lr005_seed42,0.05,42,6,256,0.834912543948829,0.9937727040443596,0.6781692919306003,0.007581268234341931,13.633698020287765,0.6688644893688386,0.10394810752833879
final_lr005_seed42,0.05,42,6,512,1.0000000000000007,0.9999999999999982,1.0,1.0,3.16252927469459e-14,0.6688754065441352,0.9999840185750545
final_lr005_seed42,0.05,42,7,1,0.08289443081006125,0.35563797985756984,0.7493044107379409,0.7493044107379409,0.7237852538653116,0.8040703853055297,0.6412919073619631
final_lr005_seed42,0.05,42,7,2,0.13328305976626262,0.4870461930990798,0.599906651794598,0.4307528010266644,1.3219386563551383,0.6833725043733456,0.5370971062167291
final_lr005_seed42,0.05,42,7,4,0.21663407850699593,0.6680454192972825,0.570765176829872,0.06179300278145979,1.9783543309828402,0.6381075113323925,0.3592818359074511
final_lr005_seed42,0.05,42,7,8,0.34087109369710017,0.8712324169167202,0.7675369381589179,0.5390250496900502,1.9776113671988629,0.6546049433173046,0.15216425730430513
final_lr005_seed42,0.05,42,7,16,0.4358356083066015,0.9427538757956002,0.6441810959949996,0.060521307015366364,3.5734173431320264,0.6552784816652205,0.11563683364667335
final_lr005_seed42,0.05,42,7,32,0.5167564576343691,0.9644333895318195,0.5607771458807553,0.010087323720948973,5.634157127195641,0.6554915543666633,0.10911510283854123
final_lr005_seed42,0.05,42,7,39,0.5430794638162306,0.9695693927557818,0.5502827300024875,0.02423440131921944,6.298903663243942,0.6555327577300589,0.11082533530785726
final_lr005_seed42,0.05,42,7,52,0.581941252280534,0.9756075712462476,0.5486829719234091,0.01424043292942415,7.281544796260792,0.6555809442293147,0.1249715790191134
final_lr005_seed42,0.05,42,7,64,0.6109360548746826,0.9792440244004704,0.5419268725696182,0.001239018968178671,8.147525769844528,0.655604161416323,0.13470725261816993
final_lr005_seed42,0.05,42,7,128,0.7153052279191615,0.9882974009312725,0.5531168471954588,0.0024050228280084063,11.38463056472108,0.655635959114656,0.12915859225660822
final_lr005_seed42,0.05,42,7,256,0.8407464013782977,0.99477108363206,0.6804233168400777,0.003614494413869103,13.584282429138174,0.6556517425965104,0.10466143961755972
final_lr005_seed42,0.05,42,7,512,0.999999999999999,0.9999999999999998,1.0,1.0,3.130974491628296e-14,0.6556618260349804,0.999982197691984
final_lr005_seed42,0.05,42,8,1,0.07109545389776865,0.2742570214127977,0.7438809871458616,0.7438809871458616,0.7319374363060823,0.7986519099974232,0.6540717349648925
final_lr005_seed42,0.05,42,8,2,0.12410177993541295,0.42670774836696534,0.6804899578170923,0.5744032318743862,1.167256761799216,0.7173650550841784,0.6073217669186002
final_lr005_seed42,0.05,42,8,4,0.21087230811011187,0.6316264967486329,0.6145381195869315,0.2510893744402141,1.8481989993122871,0.6415856029116735,0.3677684915301176
final_lr005_seed42,0.05,42,8,8,0.34304602376873006,0.8726740502554547,0.7941148553678918,0.6122522919414016,1.8549096540312506,0.7059000308178577,0.208651536818549
final_lr005_seed42,0.05,42,8,16,0.4321802652000987,0.9374055460235787,0.647687044553629,0.016529449514586146,3.5666205572232594,0.7050102144363107,0.12448210017656852
final_lr005_seed42,0.05,42,8,32,0.5159246523623505,0.9617363468746554,0.5823631289806248,0.03787494320274359,5.482087614765768,0.7052208611011536,0.11699949255700584
final_lr005_seed42,0.05,42,8,39,0.5425624052092961,0.9672461781320923,0.5678065460737242,0.021404620805345533,6.164665609873951,0.7052715810229186,0.11835558481468515
final_lr005_seed42,0.05,42,8,52,0.583322275692506,0.9742140266170065,0.5613673052388761,0.011843107473774027,7.181617864847121,0.7053170170278555,0.13005776194772517
final_lr005_seed42,0.05,42,8,64,0.6135955047398426,0.9783724760219019,0.5582845136343273,0.013179095811004862,7.995641774345868,0.7053495546646499,0.13481803269197687
final_lr005_seed42,0.05,42,8,128,0.7186229326279683,0.9880089175841128,0.56622888487451,0.005897644870278133,11.212209479608374,0.7053880333816424,0.12977379538053893
final_lr005_seed42,0.05,42,8,256,0.8426873811644306,0.9946497419501052,0.684634929306825,0.002588729434946768,13.494601640615489,0.7054040287824176,0.10606145591444148
final_lr005_seed42,0.05,42,8,512,1.0000000000000013,0.999999999999999,1.0,1.0,3.131533761441212e-14,0.7054127907283254,0.9999696680185841
final_lr005_seed42,0.05,42,9,1,0.06785446942342822,0.26472751272885814,0.7814082518185135,0.7814082518185135,0.673876946423335,0.8081934834841628,0.6597127525930635
final_lr005_seed42,0.05,42,9,2,0.1143620629922574,0.38909014285800253,0.42710969102058294,0.06272586781156561,1.6451507415778706,0.613000806065986,0.4633427578889597
final_lr005_seed42,0.05,42,9,4,0.20181104376694717,0.6096579426414256,0.6094691724441869,0.087852702658602,1.8862809296990688,0.6494546321672944,0.36238606985907307
final_lr005_seed42,0.05,42,9,8,0.3292349852196739,0.8494356605956839,0.7957458831427886,0.5503122334287993,1.850165101494851,0.6969155174971401,0.16501278304960187
final_lr005_seed42,0.05,42,9,16,0.42573483231033354,0.9312657617493555,0.6688503466439819,0.08435061851988364,3.4428964621219955,0.7060426073647783,0.11989999713951242
final_lr005_seed42,0.05,42,9,32,0.5118133261167793,0.9584773009300809,0.5863348987987115,0.041500513013847495,5.460253527549751,0.7063062159641064,0.11490609079793958
final_lr005_seed42,0.05,42,9,39,0.5387642114068955,0.9644522050973576,0.578910670220652,0.02682364892363233,6.080762916335253,0.7063459216278005,0.11745058237009566
final_lr005_seed42,0.05,42,9,52,0.5803650715305448,0.9721506566683727,0.5731352863118213,0.000670267253940545,7.078251429113709,0.7063898559362324,0.12872940667607466
final_lr005_seed42,0.05,42,9,64,0.610917368416175,0.9766364455946578,0.5659187936416644,0.026246116528589023,7.91985059962066,0.7064140954432712,0.13571379336664197
final_lr005_seed42,0.05,42,9,128,0.717501273776895,0.9871500081505618,0.5710929295413443,0.0035942206451065376,11.146870249021546,0.7064552456123345,0.1293535452598543
final_lr005_seed42,0.05,42,9,256,0.8427875005241063,0.9943359755930131,0.6879959587981778,0.0007223008339662611,13.41997401595876,0.7064697644416148,0.1050848093304606
final_lr005_seed42,0.05,42,9,512,1.0000000000000022,1.0000000000000007,1.0,1.0,3.1696847586149823e-14,0.7064786236748883,0.9999801379343343
final_lr005_seed42,0.05,42,10,1,0.0797293934795747,0.3259686893908104,0.7549621753399777,0.7549621753399777,0.715199889118236,0.7524148162423667,0.6501492337673491
final_lr005_seed42,0.05,42,10,2,0.13343162493592872,0.47385352053296337,0.6435450239048056,0.49447833310139183,1.2409494612913694,0.6824650729275823,0.595722762964775
final_lr005_seed42,0.05,42,10,4,0.2157100076300729,0.6475783024114993,0.5749294035972133,0.060358012453628845,1.9717028787478577,0.6247265528446224,0.36825597647696084
final_lr005_seed42,0.05,42,10,8,0.347816658856493,0.8737275950248958,0.8014466985669574,0.5729342388247606,1.8229320451276139,0.6762578154146055,0.19141965818981593
final_lr005_seed42,0.05,42,10,16,0.4401545052314408,0.9414301068228289,0.6708292836857906,0.09800842893277853,3.43134954707004,0.6816888771242041,0.12807969577194042
final_lr005_seed42,0.05,42,10,32,0.5247757158005667,0.9649202566034314,0.5980656882590122,0.02085008435625026,5.377330424302925,0.6818503080793633,0.12065290595979102
final_lr005_seed42,0.05,42,10,39,0.5511670855733519,0.9700350412062774,0.591861852916182,0.040913373178212344,5.980093985208081,0.6818910890930424,0.12434557400007691
final_lr005_seed42,0.05,42,10,52,0.5914001209873323,0.9764509836737013,0.5893896490620022,0.032139731601872175,6.923915452487711,0.6819479726002763,0.13513931405729282
final_lr005_seed42,0.05,42,10,64,0.621250040806375,0.9802722590045044,0.5806109223546024,0.0012469036033989115,7.775861354344327,0.6819722996143189,0.14015828683979775
final_lr005_seed42,0.05,42,10,128,0.7247158040257561,0.9891009957928528,0.5726953773645327,0.004529957092987502,11.128579260330342,0.6820076581007066,0.13156001046701712
final_lr005_seed42,0.05,42,10,256,0.8471012119643214,0.9952172956735384,0.6884332592203934,0.0005277994891053771,13.413816519729568,0.6820219818040872,0.10723292142816508
final_lr005_seed42,0.05,42,10,512,1.0000000000000002,1.0000000000000002,1.0,1.0,3.1581087977164385e-14,0.6820307218688748,0.9999812288236596
final_lr005_seed42,0.05,42,11,1,0.0807923406812354,0.33339979850620693,0.7845042275340316,0.7845042275340316,0.6689000783436644,0.7827195146395285,0.6610138275181405
final_lr005_seed42,0.05,42,11,2,0.13027206781544656,0.4584486029519271,0.6379839151760637,0.4444978164028773,1.2567749107490287,0.6838098297236399,0.5685665619176957
final_lr005_seed42,0.05,42,11,4,0.2161047175982622,0.6466022699423147,0.5347498414189761,0.06876756228720105,2.0672607110665533,0.5995413461947752,0.305953976216457
final_lr005_seed42,0.05,42,11,8,0.34765418172776613,0.8716818492749475,0.8073661051156378,0.5645475117458456,1.7946162619151207,0.6760317757575327,0.20542435419443975
final_lr005_seed42,0.05,42,11,16,0.4426758755651504,0.9416246943230908,0.6726459491892208,0.0010755609316464895,3.4329039483488173,0.680732943512738,0.12687395413417238
final_lr005_seed42,0.05,42,11,32,0.5271927215223449,0.9650380697735609,0.6031573424607388,0.020196552072341143,5.345914828304982,0.6809540123677108,0.12205009786469015
final_lr005_seed42,0.05,42,11,39,0.5535203016131125,0.9700998075342987,0.5901810486130574,0.012536895360761927,6.005064956534886,0.6809919804000559,0.1183273658191978
final_lr005_seed42,0.05,42,11,52,0.5942280979894784,0.9766448382740816,0.5979102616844214,0.006074802804430645,6.849441177221644,0.681036208033469,0.13319941895747914
final_lr005_seed42,0.05,42,11,64,0.6245087560372367,0.9805591489822025,0.5957015290254964,0.01751146756028169,7.619171102936587,0.6810524041690377,0.1397288429038295
final_lr005_seed42,0.05,42,11,128,0.7281662664322889,0.9894007948301387,0.5800300577679236,0.0021046796820155264,11.026263180560832,0.6810885987986076,0.13337461085943406
final_lr005_seed42,0.05,42,11,256,0.849308798691338,0.9953717359548241,0.6909390763999649,0.004168162194704734,13.35455613467101,0.681102484584717,0.10720395068374175
final_lr005_seed42,0.05,42,11,512,1.0000000000000018,1.0000000000000007,1.0,1.0,3.163176941457974e-14,0.681112029669965,0.9999776019038199
final_lr005_seed42,0.05,42,12,1,0.06688557569803769,0.24040850266261762,0.8354866248053143,0.8354866248053143,0.5817785767241401,0.8362443326029937,0.6886211382307839
final_lr005_seed42,0.05,42,12,2,0.12024267661602227,0.3934007182955372,0.7263734790066299,0.6114147650971393,1.0768369180880188,0.7285020114654346,0.6062275334869152
final_lr005_seed42,0.05,42,12,4,0.20875876017667586,0.6043830305644258,0.708109451106947,0.3753925960191573,1.5912358593859235,0.7000589280093179,0.48038497221819165
final_lr005_seed42,0.05,42,12,8,0.3432775323002812,0.8518959523088475,0.7827190700945477,0.2820418238459067,1.9362308266051516,0.7160383937733151,0.05826526467963992
final_lr005_seed42,0.05,42,12,16,0.4445194472248095,0.9359314973046955,0.6859015906902269,0.08025367948166272,3.3536257588614484,0.7337839584175024,0.1404601960366339
final_lr005_seed42,0.05,42,12,32,0.5335206053813646,0.9631102676499218,0.6292441055769874,0.055167398968477735,5.140853531460591,0.7339010940436752,0.12035035773128927
final_lr005_seed42,0.05,42,12,39,0.5614509002533363,0.9691185689568717,0.6153334259697981,0.039609796489067345,5.793827867076225,0.7339328708845759,0.1258321261997017
final_lr005_seed42,0.05,42,12,52,0.6025479216263103,0.976128490371095,0.6049385550513204,0.0009632401138311796,6.794430168839327,0.7339788494489663,0.13561227134009218
final_lr005_seed42,0.05,42,12,64,0.6328558807772681,0.9802601925957025,0.599626510056767,0.009179359697854847,7.584640099902514,0.7340032589673124,0.14112345958244926
final_lr005_seed42,0.05,42,12,128,0.735472474377203,0.9894129832688153,0.5875525379104185,0.0015591322312012458,10.92475022680481,0.7340404922563296,0.13419504596169302
final_lr005_seed42,0.05,42,12,256,0.8539240259697157,0.9954195791795294,0.6971228253675503,0.010290489481781762,13.217013510408552,0.7340541705259163,0.10613979282502428
final_lr005_seed42,0.05,42,12,512,1.0000000000000018,0.9999999999999997,1.0,1.0,3.1413639968960895e-14,0.7340615011388227,0.9999829138287105
final_lr005_seed42,0.05,42,13,1,0.07908704099876329,0.31088365606699214,0.7852775438651152,0.7852775438651152,0.6676520567385963,0.8070232234968111,0.6240038720684762
final_lr005_seed42,0.05,42,13,2,0.13907545500953694,0.48974726818991754,0.5865676277412878,0.35735103765280707,1.3539726744755105,0.6464454651849619,0.540273231022361
final_lr005_seed42,0.05,42,13,4,0.22526095977306726,0.6753983208196738,0.5657380664567568,0.06029505858843891,1.9961960816191129,0.5985214845854863,0.32372540800028393
final_lr005_seed42,0.05,42,13,8,0.350601406514447,0.8727225893712746,0.835299625208178,0.6651004258348149,1.6518202422123205,0.684549069712528,0.2067518303944569
final_lr005_seed42,0.05,42,13,16,0.44797753978012544,0.9410608836334052,0.6731869936789627,0.0385947346585194,3.4357451495136253,0.6843663905303121,0.13076593511185639
final_lr005_seed42,0.05,42,13,32,0.5364245620434478,0.9659182015051903,0.6100876955765973,0.021287537972776778,5.310090194946932,0.6846499856110736,0.12296418170627858
final_lr005_seed42,0.05,42,13,39,0.5639220112244699,0.9713026975897752,0.6062386758011596,0.025229236563058588,5.881063503107697,0.6846822779386068,0.12286779713170458
final_lr005_seed42,0.05,42,13,52,0.605846419392278,0.9780620317703614,0.6122322044258867,0.019071934749686933,6.728215357136061,0.6847229019463223,0.13528617253124292
final_lr005_seed42,0.05,42,13,64,0.636396898823162,0.981941874704223,0.6070895078338021,0.02552047761567311,7.512809270544709,0.6847476575411606,0.14215162675263524
final_lr005_seed42,0.05,42,13,128,0.7392429014358913,0.9904471289824992,0.5898994258115917,0.008605453557992651,10.893055113181351,0.684782946432164,0.13387098030134492
final_lr005_seed42,0.05,42,13,256,0.8567830287193346,0.9959233284193821,0.6968456232800695,0.005056501693222214,13.22353079153225,0.6847968513854099,0.10737368465987643
final_lr005_seed42,0.05,42,13,512,0.9999999999999989,0.9999999999999999,1.0,1.0,3.1452730691018887e-14,0.6848046423514965,0.9999781847517252
final_lr005_seed42,0.05,42,14,1,0.07568454586244053,0.2800351061954957,0.8148604366950559,0.8148604366950559,0.6183079413077829,0.7825169234077194,0.6835140829270472
final_lr005_seed42,0.05,42,14,2,0.12914926918214986,0.4197789575139175,0.7235971288978132,0.5650965179952233,1.0871830991302527,0.7267875198093209,0.6133242176876185
final_lr005_seed42,0.05,42,14,4,0.22041861991174516,0.6242405817099768,0.7354426663377989,0.5386970016694625,1.499107134462043,0.6840088701017365,0.476836808991937
final_lr005_seed42,0.05,42,14,8,0.35971980574655904,0.8644118447718319,0.8351221237018818,0.5840946388862938,1.656874927627769,0.7161298393919096,0.21184043915376727
final_lr005_seed42,0.05,42,14,16,0.46058367837325037,0.9426635253541787,0.684798568120023,0.02461780525504684,3.369327339628808,0.7229087584270142,0.13910826109111338
final_lr005_seed42,0.05,42,14,32,0.5502218262934089,0.9678170098874564,0.630160743804897,0.05917294559971267,5.147103360925562,0.7230459630390459,0.12414407697383421
final_lr005_seed42,0.05,42,14,39,0.578160990556374,0.9732874317216934,0.6228923318101275,0.017776411503469206,5.7449452779138115,0.7230860053637022,0.1258015908648596
final_lr005_seed42,0.05,42,14,52,0.6193339629195665,0.9797011234003173,0.6274265811807613,0.017849930242713953,6.583363636395804,0.7231228005687063,0.1376629793319898
final_lr005_seed42,0.05,42,14,64,0.6497405407679282,0.9834825495383472,0.6228862979262618,0.001301506568808451,7.35064791867123,0.7231494131810876,0.1455083040993191
final_lr005_seed42,0.05,42,14,128,0.7491176336772939,0.9913099244208391,0.5937464104556305,0.006425221466780154,10.83743701040419,0.7231853720293544,0.13442836170574846
final_lr005_seed42,0.05,42,14,256,0.862028531017466,0.9962780875901222,0.6999769805309313,0.0013429980551646933,13.15489117072172,0.7231959788217074,0.10883943521657485
final_lr005_seed42,0.05,42,14,512,1.0000000000000004,0.9999999999999988,1.0,1.0,3.118888798879842e-14,0.723202628076055,0.9999740430870925
final_lr005_seed42,0.05,42,15,1,0.07294482234655052,0.2549327248941866,0.8787949429171519,0.8787949429171519,0.4974652968191018,0.8787357484270095,0.7180561460400186
final_lr005_seed42,0.05,42,15,2,0.12313704913703194,0.37563336508174316,0.7486738860139055,0.616344797247438,1.031979474620876,0.7438555387981983,0.6164114946031664
final_lr005_seed42,0.05,42,15,4,0.21861709769747642,0.5944089722263842,0.7903881061921778,0.611342044162579,1.3260669042673663,0.73603792469679,0.563481838155855
final_lr005_seed42,0.05,42,15,8,0.36804549070242065,0.8651525046607277,0.8286629271652821,0.5184068572622063,1.694972311483836,0.7357110147410164,0.15216990298035835
final_lr005_seed42,0.05,42,15,16,0.47175203718363595,0.94536211540747,0.6960128282761555,0.013078402922555776,3.308469735443125,0.7498706255775404,0.14516549682223373
final_lr005_seed42,0.05,42,15,32,0.5602024897726835,0.9694424893939063,0.6575001263593503,0.0008147841915172705,4.939129976863242,0.75005788822442,0.13497070893464452
final_lr005_seed42,0.05,42,15,39,0.5879256740690695,0.974719685416282,0.6396879232942597,0.012620639265863869,5.609338986247613,0.7501054299758279,0.1314729761640269
final_lr005_seed42,0.05,42,15,52,0.6285843634803432,0.9808447432427858,0.6431579389874076,0.025263525016349844,6.424283402997584,0.750156984672842,0.14070524278852095
final_lr005_seed42,0.05,42,15,64,0.6584357515148807,0.9844172270368832,0.6304399397351746,0.005535393271958411,7.268785671525704,0.7501754316792543,0.1458318051601418
final_lr005_seed42,0.05,42,15,128,0.7568153115019124,0.9919556471452808,0.6028059367136258,0.004127912882325522,10.711845682473822,0.7502013866169551,0.13608419794544005
final_lr005_seed42,0.05,42,15,256,0.8671608177376203,0.9966133215800289,0.7084332093483268,0.0031862178379586624,12.960090859476828,0.7502106259725208,0.10819786316908489
final_lr005_seed42,0.05,42,15,512,0.9999999999999996,1.000000000000002,1.0,1.0,3.1432108889471674e-14,0.7502146511546828,0.9999754538345558
final_lr005_seed42,0.05,42,16,1,0.07053190269356671,0.24176620314411862,0.8815280710815808,0.8815280710815808,0.49170730507504046,0.8793799777376357,0.7156592156576697
final_lr005_seed42,0.05,42,16,2,0.12299710955490353,0.37553880368206927,0.6019445414319774,0.3145426864718777,1.3379341817621004,0.6750605094801092,0.5822683568527511
final_lr005_seed42,0.05,42,16,4,0.21685481902895148,0.5897505711700033,0.651884869679963,0.05830683523813727,1.7935937564785875,0.6844295677576456,0.45367534885059596
final_lr005_seed42,0.05,42,16,8,0.3650949453070191,0.8593759572393065,0.8593123880719761,0.670988578602273,1.5244701786512382,0.7491987484374804,0.24894821114991125
final_lr005_seed42,0.05,42,16,16,0.4689456811415042,0.9425766180652668,0.7004143606937953,0.01344859864890355,3.2824195435067147,0.759072092788219,0.14840485622107946
final_lr005_seed42,0.05,42,16,32,0.560322736350934,0.9685323499018815,0.6641560790528942,0.008562428890622363,4.890091669176631,0.7591502381576961,0.1264918541663909
final_lr005_seed42,0.05,42,16,39,0.5887141155454363,0.9741445273185914,0.6490020195172489,0.00190047517287046,5.530382076845782,0.7591696549624934,0.1300738311863231
final_lr005_seed42,0.05,42,16,52,0.6305506178078943,0.9807294761932249,0.6523840330790759,0.005703939352610478,6.343069671097581,0.7592193985802497,0.14322330949397413
final_lr005_seed42,0.05,42,16,64,0.66083205876595,0.9844614656866169,0.6464423868910912,0.019190967516950434,7.102286086374217,0.7592454825102183,0.14810895006291763
final_lr005_seed42,0.05,42,16,128,0.7580530125711444,0.991930260862278,0.6108856721277738,0.00465243825479366,10.598078003245183,0.7592773769507007,0.1351667518657787
final_lr005_seed42,0.05,42,16,256,0.8677441772993825,0.9965940346462915,0.7099324509134579,0.00388041245076825,12.926306092571641,0.759287926653009,0.10843252430070541
final_lr005_seed42,0.05,42,16,512,1.0000000000000002,1.0000000000000013,1.0,1.0,3.162572202704114e-14,0.7592930663630858,0.9999738853333661
final_lr005_seed42,0.05,42,17,1,0.07285386176349179,0.24896180051279637,0.8258822957191835,0.8258822957191835,0.5990311244720696,0.754008761309837,0.6657572331254565
final_lr005_seed42,0.05,42,17,2,0.12949896445935313,0.39946727541787713,0.7565308701375792,0.6410749175891036,1.0134743956299177,0.6978892462609314,0.6026422142684752
final_lr005_seed42,0.05,42,17,4,0.22346096224449868,0.607479409691936,0.7081839334554113,0.20971289324226808,1.6183401986444284,0.6800101984762243,0.4880689964932807
final_lr005_seed42,0.05,42,17,8,0.37123849201223663,0.8668600620334256,0.8526403874949848,0.6417908787012171,1.562299235078865,0.7294569829602617,0.20884581181199138
final_lr005_seed42,0.05,42,17,16,0.4749520258584855,0.9437638509321701,0.7063741837154605,0.06767755645000588,3.24168707061918,0.7316903744224389,0.1502416593901776
final_lr005_seed42,0.05,42,17,32,0.5683280204209367,0.9702305586508376,0.6664504299019863,0.06758075982640697,4.874411375711993,0.7318413840087816,0.12966099868955036
final_lr005_seed42,0.05,42,17,39,0.5967848219456672,0.9756680117454912,0.6560874012907428,0.00912759864838333,5.474321450471287,0.7318881287774326,0.12927313339211385
final_lr005_seed42,0.05,42,17,52,0.6386990876891114,0.9820410739571748,0.6589866056704655,0.024754595149608878,6.280138391907627,0.7319349314274863,0.14330440275895853
final_lr005_seed42,0.05,42,17,64,0.668988431090863,0.9856428399265303,0.6513589735702947,0.0023411288562738245,7.051945324086268,0.7319625534361387,0.14794152914374498
final_lr005_seed42,0.05,42,17,128,0.7644520087152964,0.9926038809940829,0.6137347999318707,0.0011938128574055804,10.559381195777158,0.7319973379543951,0.13580846816321432
final_lr005_seed42,0.05,42,17,256,0.871626881079066,0.9969023279839624,0.7084843311077873,0.003064541661398862,12.966629033714222,0.7320069933631307,0.10799909667355109
final_lr005_seed42,0.05,42,17,512,1.0000000000000002,1.0000000000000024,1.0,1.0,3.1622770062296657e-14,0.7320119781862272,0.9999756585002827
final_lr005_seed42,0.05,42,18,1,0.06981424875316604,0.22785386799528623,0.8645817999451116,0.8645817999451116,0.5264788039607556,0.8044097268287587,0.7100808894560616
final_lr005_seed42,0.05,42,18,2,0.12648364200321557,0.3779831448816811,0.8481133539705793,0.8089593025666065,0.7904056405036313,0.7771667525638639,0.686497421860416
final_lr005_seed42,0.05,42,18,4,0.22182573506117084,0.5905791165779598,0.8286839938225794,0.7186000504032009,1.191593363757339,0.7560195234206384,0.6187521937957122
final_lr005_seed42,0.05,42,18,8,0.37394958403839607,0.8644517705369773,0.8487346595111724,0.5997078883875998,1.5860557686610446,0.7551799252632293,0.20737529066767393
final_lr005_seed42,0.05,42,18,16,0.478173762625099,0.9446355909306645,0.698399863877252,0.052708226081244064,3.3048153593948912,0.7663143627625144,0.16693532205188535
final_lr005_seed42,0.05,42,18,32,0.5709422106674917,0.9704834530046927,0.6739910822728755,0.07961261256694926,4.809070815366229,0.7663917149088001,0.13528126840360527
final_lr005_seed42,0.05,42,18,39,0.599425697163443,0.9759197693456406,0.6674290571263318,0.04625273920635936,5.366618790155981,0.7664263405894695,0.1369452269175266
final_lr005_seed42,0.05,42,18,52,0.6415797746145238,0.9823549192884146,0.6617005434335396,0.004157210598649634,6.255938867497314,0.7664523428915329,0.1490763740139607
final_lr005_seed42,0.05,42,18,64,0.671213571934784,0.9857931646112562,0.6522711077344195,0.019511238977193077,7.038937673065808,0.7664756277031813,0.15219385423097795
final_lr005_seed42,0.05,42,18,128,0.7668711906869934,0.99276133200193,0.6190216746755954,0.006564328070669868,10.478692216762576,0.7665076321092408,0.13650505888799813
final_lr005_seed42,0.05,42,18,256,0.8733552467315905,0.9969908306165032,0.7126212394815596,0.0019656014743598383,12.86940219529006,0.7665154795452306,0.10855319620320573
final_lr005_seed42,0.05,42,18,512,0.9999999999999997,0.9999999999999989,1.0,1.0,3.1533448944996834e-14,0.7665200606392938,0.9999784911545836
final_lr005_seed42,0.05,42,19,1,0.0786464143405251,0.2689638889528255,0.8316296916294722,0.8316296916294722,0.5887604252156793,0.7576729233007509,0.6878479920777897
final_lr005_seed42,0.05,42,19,2,0.13899848807314627,0.42735124756293347,0.6533228397630167,0.44745491638322815,1.2303123314073425,0.6291825295975153,0.5812030868652023
final_lr005_seed42,0.05,42,19,4,0.23661541941168077,0.6356543179016552,0.6920304107681041,0.13915675387676038,1.6752599566108413,0.6478107322264282,0.50291487187108
final_lr005_seed42,0.05,42,19,8,0.38700977026414163,0.8832608786259718,0.8566062762657529,0.6390103408276472,1.5411275529960478,0.721666832487256,0.20882042838873513
final_lr005_seed42,0.05,42,19,16,0.4876158478408752,0.9497343261990051,0.6942592066597368,0.04383418096810374,3.3293897180543945,0.7261224060959269,0.15082254673935855
final_lr005_seed42,0.05,42,19,32,0.5791175760290782,0.9730285450157595,0.6786462458717144,0.060390786226977154,4.771462528057707,0.7262671925926891,0.13620488838271086
final_lr005_seed42,0.05,42,19,39,0.6076469159060904,0.978092322974827,0.6759551527366803,0.009945242818124091,5.291947544418247,0.7262932723671053,0.13884014693331911
final_lr005_seed42,0.05,42,19,52,0.649828127512686,0.984090801230516,0.6672179157294533,0.023168863312349654,6.205082297668305,0.7263328813563592,0.14992142070906686
final_lr005_seed42,0.05,42,19,64,0.6800408990082663,0.9874173605643505,0.662554074211203,0.005038066320633784,6.933466433340743,0.7263531162698253,0.1495772240739983
final_lr005_seed42,0.05,42,19,128,0.773716730702328,0.993655186471739,0.6212701698484675,0.0025602616106063505,10.45131885845264,0.7263842504258353,0.13523285910520255
final_lr005_seed42,0.05,42,19,256,0.8770756057951126,0.9973630978548784,0.7180001712253773,0.0015754852968763726,12.736594149717048,0.7263932884853889,0.10915657521837059
final_lr005_seed42,0.05,42,19,512,1.0,1.0,1.0,1.0,3.147463670079888e-14,0.7263982498197364,0.9999710539309983
final_lr005_seed42,0.05,42,20,1,0.0726631580851466,0.22286399087804926,0.770786517863907,0.770786517863907,0.6907215547098675,0.682114216038163,0.691061799318938
final_lr005_seed42,0.05,42,20,2,0.13150633279762122,0.3690155848828039,0.5764201006587502,0.28439119139843366,1.3833639167467786,0.5696171918524133,0.5694642905599793
final_lr005_seed42,0.05,42,20,4,0.23553371023699232,0.597787119000129,0.7704145751355331,0.5314543340542435,1.396396369486893,0.6890600479290868,0.5755345744345297
final_lr005_seed42,0.05,42,20,8,0.3975042616208852,0.8762053196276832,0.8618584948993613,0.6697421164185492,1.5114197772674896,0.7330700830968101,0.29725426887661466
final_lr005_seed42,0.05,42,20,16,0.5042429888180476,0.9533581217762902,0.7226177162872696,0.08921304812691425,3.1477539919915425,0.7527349105864451,0.15771526830127564
final_lr005_seed42,0.05,42,20,32,0.5956553973068103,0.9760344805255615,0.6859388140648806,0.011464672306118669,4.723996467071403,0.7528217169117128,0.13301464577714092
final_lr005_seed42,0.05,42,20,39,0.6228478628487365,0.9805061861093751,0.6703523258392539,0.010537610152803061,5.360944414798881,0.7528464462616867,0.13704116867801594
final_lr005_seed42,0.05,42,20,52,0.6631069028141595,0.9858093614313823,0.6740889208757573,0.0037689622681146176,6.138911411532267,0.7528828214965597,0.15025425098669368
final_lr005_seed42,0.05,42,20,64,0.6916521444461335,0.9886904456053859,0.6648075986774317,0.006886033407635018,6.910929141898695,0.7529031359842135,0.1476883120058855
final_lr005_seed42,0.05,42,20,128,0.7813337536723008,0.994229789705483,0.6293596822794825,0.0033559272791829804,10.329786549056015,0.7529279618521116,0.13622670931246444
final_lr005_seed42,0.05,42,20,256,0.8817478835957735,0.9976271980853747,0.7188510912751096,0.004413305810798681,12.72430494424429,0.7529354991348493,0.10763614507999156
final_lr005_seed42,0.05,42,20,512,0.9999999999999992,1.0000000000000009,1.0,1.0,3.123644267548544e-14,0.7529389588085671,0.9999709551695085
final_lr005_seed42,0.05,42,22,1,0.08400896718194902,0.2743590953828694,0.9076537183001857,0.9076537183001857,0.43313661249164437,0.8948261225663269,0.7394082689675369
final_lr005_seed42,0.05,42,22,2,0.14516746155392388,0.41976486577163863,0.7701528351433116,0.6326222560114431,0.9860513572010052,0.7534359525614127,0.6616153954465355
final_lr005_seed42,0.05,42,22,4,0.2478425049631972,0.6247058962563887,0.6743145775070524,0.05391047333215052,1.7407074665905538,0.7055714644558317,0.5206331913462662
final_lr005_seed42,0.05,42,22,8,0.40835007259252676,0.8769149301571377,0.8562689123920657,0.5367455010969179,1.5511870201562479,0.752567384220516,0.17526121604958078
final_lr005_seed42,0.05,42,22,16,0.5177404142794223,0.9578856628474993,0.7408799859526397,0.08196254738322564,3.0276068768457556,0.7625531611859797,0.16454848909077788
final_lr005_seed42,0.05,42,22,32,0.6088592389980902,0.9787052449057136,0.7008403407585592,0.0336829081229945,4.59095283508958,0.7626036631146682,0.1420138892666197
final_lr005_seed42,0.05,42,22,39,0.6360362753379476,0.9828250483395661,0.6786457976118464,0.02124382057483485,5.286326544863905,0.7626386634901636,0.14298208131609969
final_lr005_seed42,0.05,42,22,52,0.6765000146002708,0.9877596526911188,0.684159654955246,0.03126727115690095,6.032691884508549,0.7626769785767737,0.15363228026234016
final_lr005_seed42,0.05,42,22,64,0.7044446520377218,0.9903001189118046,0.6771403250391561,0.00691198579313028,6.7706065450604225,0.7626924804805769,0.15914835202647676
final_lr005_seed42,0.05,42,22,128,0.7919856536180038,0.9951574660838889,0.6350648737847919,0.0011426837233316006,10.251324958232397,0.7627161207650887,0.13828448002737387
final_lr005_seed42,0.05,42,22,256,0.888502957912589,0.9980532195644135,0.7260872624285326,0.0006753539768083351,12.551125109181296,0.7627226404997057,0.11000565529969344
final_lr005_seed42,0.05,42,22,512,1.0,1.0000000000000002,1.0,1.0,3.1414698202275594e-14,0.7627260009526662,0.9999780257543354
final_lr005_seed42,0.05,42,24,1,0.0811649443204465,0.2523275905900124,0.8472468141322078,0.8472468141322078,0.560015619340057,0.8250006581520417,0.7109329643919773
final_lr005_seed42,0.05,42,24,2,0.14617982682067018,0.4142300010091899,0.8168861289697966,0.7658985364842308,0.8706265908120323,0.7806003628479026,0.6690009087806391
final_lr005_seed42,0.05,42,24,4,0.2534786885928804,0.635901939003881,0.7219083216000678,0.2565463960430767,1.5729011142398792,0.7257172177163317,0.5230098937876182
final_lr005_seed42,0.05,42,24,8,0.4145231299928736,0.8858538786416436,0.8505773782873502,0.5099850705123287,1.5838290387505625,0.7524480426175815,0.15609302987919418
final_lr005_seed42,0.05,42,24,16,0.5241763152832493,0.9585100586097807,0.7196353994625437,0.04969108471901753,3.171685571679331,0.7630249252326677,0.14828939530165033
final_lr005_seed42,0.05,42,24,32,0.6171469373723013,0.9798739020296514,0.7043609571802061,0.02026157422566634,4.570044506159644,0.7631177643577091,0.14615842776877075
final_lr005_seed42,0.05,42,24,39,0.6443530455252503,0.9839333639169657,0.6923344986490689,0.039881056295028,5.162693397665747,0.7631513292960939,0.13910376660804055
final_lr005_seed42,0.05,42,24,52,0.6836703827442036,0.9885359039875582,0.6886122064917312,0.0038036142838266387,5.99385756011633,0.7631895477733094,0.15511964264104905
final_lr005_seed42,0.05,42,24,64,0.7103001579609802,0.9908091093883246,0.6777548931782571,0.046404305047025196,6.762490115799133,0.7632067409097044,0.15715156424789678
final_lr005_seed42,0.05,42,24,128,0.7960770143393401,0.9953877516949049,0.6398883969903235,0.004133985169358937,10.178168195205464,0.763224363780604,0.1382580185416632
final_lr005_seed42,0.05,42,24,256,0.8914381734510053,0.9981755921136808,0.7308452989846642,0.002801147313209483,12.443738945810816,0.7632309864297431,0.10907460211959662
final_lr005_seed42,0.05,42,24,512,0.9999999999999992,1.0000000000000013,1.0,1.0,3.158727748194172e-14,0.763233998534237,0.999967924967662
final_lr005_seed42,0.05,42,26,1,0.0787628395484675,0.22940830601751513,0.8669510520995479,0.8669510520995479,0.5217445002189831,0.7757924455345103,0.7272776669783299
final_lr005_seed42,0.05,42,26,2,0.1428049003202227,0.3810773694676988,0.5024872873310742,0.11044940456134299,1.5319006580767607,0.5757430218444158,0.5567679791016932
final_lr005_seed42,0.05,42,26,4,0.2534530887934167,0.608020393854126,0.7222477955738312,0.25534091506728074,1.5726803525238229,0.704357475394,0.5441790900944785
final_lr005_seed42,0.05,42,26,8,0.42657919618411155,0.8869135573243463,0.8642233225555407,0.575755884140705,1.5043889485050204,0.7686845849887531,0.2238662456537765
final_lr005_seed42,0.05,42,26,16,0.5362175220886591,0.9614151451915042,0.7315278876868272,0.10716136124162527,3.0982280162682527,0.7808395509536102,0.17938474085558076
final_lr005_seed42,0.05,42,26,32,0.6270707943655911,0.9810427682334468,0.7242408821340602,0.03136306858971302,4.406344970081329,0.7808862656184848,0.15257510029065371
final_lr005_seed42,0.05,42,26,39,0.6543731876640465,0.9849935338660183,0.7152935944468855,0.05451876069459282,4.94528987063048,0.7809127690643599,0.1488404682338844
final_lr005_seed42,0.05,42,26,52,0.6933933378864214,0.9893583058346134,0.7082075673426621,0.03437694189958219,5.785981826261135,0.7809386839835457,0.16378968992864787
final_lr005_seed42,0.05,42,26,64,0.7204986979973245,0.9916359757747498,0.6988230338394835,0.024359314229182583,6.52373810830025,0.7809588820312039,0.16634501929001538
final_lr005_seed42,0.05,42,26,128,0.8044944079961738,0.9958941038352446,0.6499271076471614,0.005964897285945799,10.035790826050892,0.780978122750862,0.14096213430223328
final_lr005_seed42,0.05,42,26,256,0.8963851914453713,0.9983936593695186,0.7353539018855171,0.001875059273458628,12.335043766902459,0.7809834771327768,0.11137516398893056
final_lr005_seed42,0.05,42,26,512,0.9999999999999982,0.9999999999999976,1.0,1.0,3.131345260758159e-14,0.7809856418288735,0.9999796482994446
final_lr005_seed42,0.05,42,28,1,0.07813421004087916,0.22401516886537617,0.9100994193248042,0.9100994193248042,0.4272724108122278,0.871612011017743,0.75055692911257
final_lr005_seed42,0.05,42,28,2,0.1413662787649263,0.37072856043739955,0.6248544173849725,0.33140783546699987,1.2984468078887232,0.6647563379020072,0.6111454145536657
final_lr005_seed42,0.05,42,28,4,0.2550106048961772,0.6088740695061734,0.7838858537729216,0.46877323878597904,1.361506101397694,0.7304595276805105,0.545637876101094
final_lr005_seed42,0.05,42,28,8,0.4304076697072771,0.8958140197965723,0.895621498774368,0.7587212852057291,1.3074180748699742,0.7893345076944753,0.40730761064133647
final_lr005_seed42,0.05,42,28,16,0.5354455314186111,0.9613043409046805,0.744306353031845,0.08054325345065343,3.023564685223856,0.7903406071970194,0.17338121774963705
final_lr005_seed42,0.05,42,28,32,0.6264104070464552,0.9809034112401172,0.7303545085241727,0.011529627205105699,4.354753366267942,0.7904316899761432,0.16000288182095937
final_lr005_seed42,0.05,42,28,39,0.6536796313769437,0.98480658891731,0.7138508827402459,0.03293058985935449,4.968538282565171,0.7904569285303868,0.15702449671300547
final_lr005_seed42,0.05,42,28,52,0.6940180520814615,0.9894344940023814,0.7156712051084492,0.058232525334159964,5.706336663161855,0.7904863390168057,0.1587563343823376
final_lr005_seed42,0.05,42,28,64,0.721618285470166,0.991780667411904,0.7060089735082509,0.02432484784272647,6.44285737771985,0.7905034233166155,0.16494976606828268
final_lr005_seed42,0.05,42,28,128,0.804903242659581,0.9959379854785471,0.6563413903923644,0.0012160542845175723,9.936961903064999,0.790522828078292,0.13992328871318574
final_lr005_seed42,0.05,42,28,256,0.896772380023684,0.9984177876360544,0.739830625083178,0.002718359408617644,12.223652871115,0.7905274636268912,0.11036153135525277
final_lr005_seed42,0.05,42,28,512,0.9999999999999993,0.9999999999999992,1.0,1.0,3.1430059495486274e-14,0.7905297319749125,0.999976230807801
final_lr005_seed42,0.05,42,30,1,0.08640809201282398,0.2716712169246211,0.8281309437576141,0.8281309437576141,0.5950313191822182,0.7571769828804042,0.7110561178445779
final_lr005_seed42,0.05,42,30,2,0.14724377351545348,0.4063352298626522,0.7767667562533842,0.6606661895504949,0.9691021539132992,0.7093878122909626,0.6350354978067982
final_lr005_seed42,0.05,42,30,4,0.25580578673591897,0.6217586714242346,0.7111551794994799,0.21319862809099596,1.6102675171959986,0.6833885049565529,0.5312381882086763
final_lr005_seed42,0.05,42,30,8,0.42676932449646876,0.8893930898338113,0.8915127546870429,0.7353714024198673,1.3340685698658254,0.752668680537446,0.31591784785783505
final_lr005_seed42,0.05,42,30,16,0.5377072939686122,0.9611919663621763,0.7498838155355161,0.02143113107334451,2.9901051600163617,0.7523067735574607,0.16332123154748743
final_lr005_seed42,0.05,42,30,32,0.6303955952299889,0.9814597862653024,0.7247275770790493,0.07796442911703079,4.410906799010909,0.7523486001391956,0.14495242788578824
final_lr005_seed42,0.05,42,30,39,0.6577646977820677,0.9853643722130259,0.7170751979475398,0.0508488971878859,4.940298161868173,0.7523671511228607,0.14507199585290695
final_lr005_seed42,0.05,42,30,52,0.6973524480064809,0.9897864033088438,0.7156070638891643,0.006188767859841642,5.712792911258373,0.7524036948321654,0.15682763029377125
final_lr005_seed42,0.05,42,30,64,0.724342666228428,0.9920117139319073,0.7048341575674522,0.0011617569495089204,6.464601202017358,0.7524214780211012,0.15688308209997145
final_lr005_seed42,0.05,42,30,128,0.8068582612737095,0.9960430152249014,0.6603340028910037,0.011148529684560055,9.879218396150836,0.7524434815347721,0.13955167712039201
final_lr005_seed42,0.05,42,30,256,0.8981011009569646,0.9984687970468016,0.7418657927077621,0.00483003197456161,12.177651687999303,0.7524494619048578,0.10919540355091746
final_lr005_seed42,0.05,42,30,512,0.9999999999999996,0.9999999999999994,1.0,1.0,3.164417073208347e-14,0.7524519354021925,0.999945053016525
final_lr005_seed42,0.05,42,35,1,0.0802018569234207,0.21734853839939425,0.8518272254373134,0.8518272254373134,0.5513326130978627,0.8027604092671768,0.7421579326855473
final_lr005_seed42,0.05,42,35,2,0.14506964945624926,0.3595310281142793,0.8023818792510808,0.6917165287008544,0.9097400158308181,0.7522590454860149,0.677016728799196
final_lr005_seed42,0.05,42,35,4,0.2654676091804742,0.6046399063354332,0.7643224793451937,0.41846718533092436,1.4273670475218565,0.6969588701780037,0.5290235603959402
final_lr005_seed42,0.05,42,35,8,0.4498053792290327,0.8941034097984979,0.8229049523307588,0.10850725706174918,1.7898777490853304,0.7697271191386436,0.006261896984957232
final_lr005_seed42,0.05,42,35,16,0.5602170727697494,0.9657277672845304,0.7697378331555178,0.07076251934961257,2.8691771602063687,0.7889621238367273,0.19178807890452532
final_lr005_seed42,0.05,42,35,32,0.6525532912813962,0.9842575277828661,0.7482934649543821,0.06076322598269939,4.201023059197869,0.7890233331743312,0.1581174797460124
final_lr005_seed42,0.05,42,35,39,0.6792686946536165,0.987714289498119,0.7449312068262152,0.02129823880826112,4.674972918824314,0.7890414965452403,0.15708688467626197
final_lr005_seed42,0.05,42,35,52,0.7176020775359464,0.9915634902572257,0.7404782718560912,0.013304616331063338,5.45304825486104,0.7890729944214038,0.1718546784175596
final_lr005_seed42,0.05,42,35,64,0.7436277296518925,0.9934857924916889,0.725438076502614,0.028022041768851987,6.223329297773969,0.7890893010913241,0.16932702585515746
final_lr005_seed42,0.05,42,35,128,0.8215877401439693,0.9968388633634574,0.6768124426411337,0.002576705115061686,9.62824100845576,0.7891105897341955,0.14274519815725442
final_lr005_seed42,0.05,42,35,256,0.9068371229845166,0.9988088052048948,0.7536436540837745,0.013018022219815373,11.889295305313365,0.7891155255426706,0.11202023749986627
final_lr005_seed42,0.05,42,35,512,1.0000000000000002,0.9999999999999994,1.0,1.0,3.169792644563992e-14,0.7891172887646635,0.9999792411731108
final_lr005_seed42,0.05,42,40,1,0.07881727774188824,0.20934148093851684,0.9194828345976194,0.9194828345976194,0.404033378828439,0.8822763410074087,0.7727529566301744
final_lr005_seed42,0.05,42,40,2,0.1430806394060827,0.34850945684560924,0.8353690059151571,0.7435424779435756,0.8269732881923294,0.7812717075602779,0.7225469389466849
final_lr005_seed42,0.05,42,40,4,0.2592528840457439,0.576141123545643,0.7768428991643626,0.4109008963609291,1.391170750507,0.7228239504270266,0.5670318704422707
final_lr005_seed42,0.05,42,40,8,0.45280431075934513,0.8928165457726901,0.9159195035684917,0.7721574746536305,1.17221750976876,0.8029277805723223,0.39658563045019213
final_lr005_seed42,0.05,42,40,16,0.5620153965280711,0.965782803375117,0.8024907478151879,0.12685321341915487,2.6305808826611523,0.8107497134892359,0.19823234203583387
final_lr005_seed42,0.05,42,40,32,0.6545977721010393,0.9843029202561508,0.7779033432490035,0.09900297835265208,3.9297646368528873,0.8107868150197715,0.1749754040438077
final_lr005_seed42,0.05,42,40,39,0.6821056547321067,0.9879601448365828,0.7626175254078569,0.005288871523146439,4.517525754755524,0.8108136864631966,0.1704874861141037
final_lr005_seed42,0.05,42,40,52,0.72018870603945,0.9917659154546524,0.7564575551929573,0.016515567540718312,5.272610902851944,0.8108370333153202,0.17786643358014803
final_lr005_seed42,0.05,42,40,64,0.7458606526195027,0.9936332165495722,0.7470051124754074,0.018817306176309046,5.956975884590924,0.8108527092012656,0.17796811983815336
final_lr005_seed42,0.05,42,40,128,0.8229786873062191,0.9968956763839127,0.6905553324803003,0.008784260225344082,9.412801178131273,0.8108683198630453,0.14390553879920923
final_lr005_seed42,0.05,42,40,256,0.9075383291058335,0.9988289215358338,0.7620858643663315,0.0025848476327470365,11.680125960881613,0.8108718738864757,0.11277519893301806
final_lr005_seed42,0.05,42,40,512,1.0000000000000002,1.000000000000002,1.0,1.0,3.143740097217038e-14,0.8108734471257119,0.9999695808368908
final_lr005_seed42,0.05,42,45,1,0.08105421281086282,0.22024389704722314,0.8866282534845465,0.8866282534845465,0.48079343148431714,0.8400760067440113,0.7647555018605774
final_lr005_seed42,0.05,42,45,2,0.14747115768927074,0.3681242530539953,0.8931573691029077,0.8654243434154297,0.6601251020933786,0.8129703592749293,0.7500919688296486
final_lr005_seed42,0.05,42,45,4,0.2607690448318876,0.5853769708185628,0.7667810359589942,0.3083267427106525,1.4389454175770078,0.7338587145765406,0.5810988090225173
final_lr005_seed42,0.05,42,45,8,0.4496450893041587,0.8859862408979902,0.9203379901307126,0.7555170721729008,1.14179689236762,0.7970354132694178,0.40145892720397336
final_lr005_seed42,0.05,42,45,16,0.5655854962197965,0.9664854473168116,0.7725394056295256,0.12404783494217803,2.8433110902104057,0.8031137239644046,0.19093213100905834
final_lr005_seed42,0.05,42,45,32,0.6584569137645463,0.985118424342577,0.7889544512227491,0.027941654160083478,3.8422617436202677,0.8031288517201084,0.18046803735819503
final_lr005_seed42,0.05,42,45,39,0.6849269393548307,0.9884896991779969,0.7769320744458331,0.05830210716962029,4.372548899870213,0.8031518783092413,0.16646710433283746
final_lr005_seed42,0.05,42,45,52,0.7212979675843794,0.9919301810128065,0.7742779655948174,0.06339017047762553,5.068195040346925,0.8031823537001763,0.18387246595119264
final_lr005_seed42,0.05,42,45,64,0.7463359335451489,0.9936922814528474,0.7642423095328537,0.06995666744953932,5.73732716144321,0.8032004071161198,0.17927832204333022
final_lr005_seed42,0.05,42,45,128,0.8231731733364585,0.9969072113229624,0.7028394503743178,0.00466937947677658,9.224100102155875,0.8032161279287962,0.1439806999680473
final_lr005_seed42,0.05,42,45,256,0.9080022152738274,0.9988433536723004,0.7723379380738378,0.0001754191758213237,11.416976573771825,0.8032199294933812,0.11225783062988436
final_lr005_seed42,0.05,42,45,512,1.0000000000000002,1.0000000000000018,1.0,1.0,3.1313114531990435e-14,0.803221513831678,0.9999601779050007
final_lr005_seed42,0.05,42,50,1,0.08081148328830944,0.21821419337849207,0.9199794967944986,0.9199794967944986,0.4027681533600099,0.8470916467135203,0.7571603115879862
final_lr005_seed42,0.05,42,50,2,0.1461125143016529,0.36070174206315264,0.883764231618272,0.8376703153777955,0.6897820992723481,0.7977815895556494,0.7319330360313363
final_lr005_seed42,0.05,42,50,4,0.2627010798074975,0.5880880416985726,0.7003657949468484,0.06925869921157692,1.6732572051014682,0.7036127557122526,0.5338815065894008
final_lr005_seed42,0.05,42,50,8,0.45227003782798814,0.8905550393424005,0.9070963739116176,0.6191889161321006,1.2438658737996515,0.7829942854368577,0.22460263989606363
final_lr005_seed42,0.05,42,50,16,0.5674150720778429,0.9666637942890514,0.8147378359543475,0.19836628588402636,2.547730111349243,0.8017970560828829,0.20357202938025706
final_lr005_seed42,0.05,42,50,32,0.6594405258374945,0.9849832321100122,0.7973036124250157,0.1540215611963098,3.7497379190905034,0.801796776514754,0.17534910331443931
final_lr005_seed42,0.05,42,50,39,0.6863010693641156,0.9884426788719914,0.7866240265032715,0.056004419916489384,4.269012302375081,0.8018259729394283,0.17344919599452865
final_lr005_seed42,0.05,42,50,52,0.7234036434498311,0.9920234043825469,0.7829588630198828,0.05959609369418608,4.95912886828261,0.8018539722483707,0.18553943665598216
final_lr005_seed42,0.05,42,50,64,0.748282131730665,0.9937596898930059,0.7666931180645076,0.03139171532027084,5.721304279991843,0.8018710507793394,0.17974311758599978
final_lr005_seed42,0.05,42,50,128,0.8251987213007084,0.9969764362467444,0.7151856241497894,0.008589979914257235,9.021036140793491,0.8018896722660118,0.1473825378744106
final_lr005_seed42,0.05,42,50,256,0.9094401959599904,0.9988811461352991,0.7789650239105261,0.002519158672868563,11.241266236635427,0.8018928169743258,0.11400841916739682
final_lr005_seed42,0.05,42,50,512,0.9999999999999992,1.0,1.0,1.0,3.142351345972497e-14,0.8018942889555699,0.9999595084172519
final_lr005_seed42,0.05,42,60,1,0.08664351345100994,0.23208671012965862,0.9058797416607676,0.9058797416607676,0.4373440572304186,0.8424770876508065,0.785339426091991
final_lr005_seed42,0.05,42,60,2,0.15568586050800237,0.379456768555188,0.6599927550464841,0.40555551212967683,1.2261855339140972,0.6362970655197542,0.6271056662823515
final_lr005_seed42,0.05,42,60,4,0.27444247956462203,0.5982252264586471,0.8093873452224927,0.4530406435565506,1.2842599023215642,0.743899953166537,0.6079950719513401
final_lr005_seed42,0.05,42,60,8,0.47381836566393976,0.9064271830300494,0.9376955960440545,0.778196402105615,1.0091387841232804,0.8094029668170966,0.3974229093435739
final_lr005_seed42,0.05,42,60,16,0.5793138893595027,0.9705385873719515,0.8524790355997537,0.29909451406542487,2.2564852999900045,0.8161992879711264,0.22734733350734893
final_lr005_seed42,0.05,42,60,32,0.6703535884453505,0.9869889337330929,0.8256821749642336,0.06450442400494441,3.489372470082673,0.8162319557933763,0.19245990212179664
final_lr005_seed42,0.05,42,60,39,0.6962909484957195,0.9899724287945676,0.8166452262191911,0.02398543548239695,3.9578207359336064,0.8162519993166438,0.1844159383736841
final_lr005_seed42,0.05,42,60,52,0.7322666259341155,0.9930889201386555,0.8155746730519117,0.09368746918932165,4.566033257963529,0.8162725608614924,0.19685810520046015
final_lr005_seed42,0.05,42,60,64,0.7563428322724007,0.9945893503976374,0.7967551870598293,0.035509939585846556,5.330617808607433,0.8162859718444194,0.1916379530647609
final_lr005_seed42,0.05,42,60,128,0.8308774343002855,0.997377952863767,0.7335908842711294,0.013151160896259992,8.718381281754237,0.8162988324273242,0.1516640423042955
final_lr005_seed42,0.05,42,60,256,0.9125785538467401,0.9990348129765328,0.7929123094650281,0.0016932711977637508,10.875416667641133,0.8163012501465462,0.11577109666852366
final_lr005_seed42,0.05,42,60,512,1.000000000000002,0.9999999999999994,1.0,1.0,3.1438542742854626e-14,0.8163023677658205,0.9999748567607087
final_lr005_seed42,0.05,42,70,1,0.08052148520494423,0.2006641983249955,0.8607330269533804,0.8607330269533804,0.5340884312356082,0.7529521720987594,0.7798008308948655
final_lr005_seed42,0.05,42,70,2,0.14954706759413153,0.34812157386284887,0.8347141603598567,0.7990276007895554,0.8253356936623196,0.707832435735714,0.7234399308636514
final_lr005_seed42,0.05,42,70,4,0.27172698779997395,0.5800774201109851,0.7357374176953985,0.1659834361709432,1.557074185743581,0.7022207132440421,0.5596662589011144
final_lr005_seed42,0.05,42,70,8,0.47453004177090324,0.9000710632620822,0.9317873336399235,0.6683077600358153,1.0649343117216739,0.811322916698822,0.3194984935226273
final_lr005_seed42,0.05,42,70,16,0.5836419475032154,0.9704886602552129,0.8590148587540931,0.3640415650409433,2.199023521784931,0.8272617800055091,0.2309893046358069
final_lr005_seed42,0.05,42,70,32,0.6750330295652048,0.9871046670087027,0.8436785708058901,0.06640518285385814,3.2932072990337535,0.8273042802174674,0.2006704587355559
final_lr005_seed42,0.05,42,70,39,0.701155339216146,0.9901329370850115,0.8364293848201689,0.05345154559176334,3.7335906850503866,0.8273367438348058,0.19739298519234894
final_lr005_seed42,0.05,42,70,52,0.7375002001218209,0.9933133714927885,0.8314884602881685,0.04038281920240219,4.370602963675693,0.8273530798777149,0.21087447493953423
final_lr005_seed42,0.05,42,70,64,0.7611377663280378,0.9947655510958683,0.8151077608712234,0.033699786809799175,5.078621432773061,0.8273647892863469,0.20064847373160283
final_lr005_seed42,0.05,42,70,128,0.8345774463330745,0.9974758463269603,0.7542285949717669,0.006124588114824464,8.358859502228531,0.8273769260887677,0.1587775525988528
final_lr005_seed42,0.05,42,70,256,0.9150392689464949,0.9990868854750438,0.8060444641046787,0.011033562473466357,10.509757577382139,0.827379585559598,0.11991975788290513
final_lr005_seed42,0.05,42,70,512,0.9999999999999981,0.9999999999999993,1.0,1.0,3.1454787409054625e-14,0.827380748022242,0.9999790131582901
final_lr005_seed42,0.05,42,80,1,0.08429312686803075,0.21618276198088493,0.92733298656813,0.92733298656813,0.3835741361209608,0.8570503877701977,0.8006661225873832
final_lr005_seed42,0.05,42,80,2,0.1511840077302436,0.352318002360841,0.8407899926652365,0.7222010434493955,0.8156069907945455,0.7507505702369841,0.7321334472380707
final_lr005_seed42,0.05,42,80,4,0.2707420845654117,0.5698885933471953,0.8176833314753851,0.47871618013790374,1.2532078948971943,0.7316146089899715,0.5962792170898433
final_lr005_seed42,0.05,42,80,8,0.47567177020275664,0.8914915437745984,0.9045741479273701,0.40409929274386286,1.2923097232216647,0.796682380965561,0.12384252011548448
final_lr005_seed42,0.05,42,80,16,0.5894219339086403,0.9715328521643453,0.865710585518545,0.16268746884332633,2.1716024967075844,0.8326891858518731,0.2383630237498194
final_lr005_seed42,0.05,42,80,32,0.6803811859359966,0.9877964453080882,0.8720351644902959,0.09174016365127272,2.977698654694777,0.8327088291549078,0.22326670791893033
final_lr005_seed42,0.05,42,80,39,0.7060692780210456,0.9906748497101546,0.8641827036401397,0.16113305387832325,3.3753411418112065,0.8327182174785802,0.20949077208367795
final_lr005_seed42,0.05,42,80,52,0.7412750213743134,0.9936160603741578,0.8494603707811594,0.022562825010886422,4.131545927625317,0.8327378101997983,0.2190025203679027
final_lr005_seed42,0.05,42,80,64,0.7647136827489103,0.995016906289771,0.8386051582352699,0.02215556705896716,4.739818664682111,0.8327524105766774,0.20506099745762563
final_lr005_seed42,0.05,42,80,128,0.8368817840229894,0.997589296919309,0.7741963586468665,0.018143034313056403,8.007664694068461,0.8327653382278417,0.1621569565960324
final_lr005_seed42,0.05,42,80,256,0.9161348024800811,0.9991250658639057,0.8218444892072554,0.0035309794585540685,10.060554834982439,0.8327679988403205,0.12267910971826623
final_lr005_seed42,0.05,42,80,512,1.0000000000000004,1.0000000000000018,1.0,1.0,3.1474447369281306e-14,0.832768944140788,0.9999667327805504
final_lr005_seed42,0.05,42,90,1,0.07905352226061026,0.18896893771591194,0.8856424534614905,0.8856424534614905,0.4829206344270374,0.7729241817740554,0.7940762471520605
final_lr005_seed42,0.05,42,90,2,0.147579767949259,0.33096027518678345,0.7814288570363703,0.6199880580427954,0.9638950831371733,0.6773151276267372,0.720931017219243
final_lr005_seed42,0.05,42,90,4,0.2703187904722224,0.5589094599923904,0.6693945139970603,0.05110857940825915,1.7583744138974362,0.6317639463476747,0.5216267471565287
final_lr005_seed42,0.05,42,90,8,0.47942058064185805,0.8905499907573113,0.9431538656426214,0.6951987161689133,0.9718661095600256,0.820863207393288,0.3499084117154695
final_lr005_seed42,0.05,42,90,16,0.5944824037093985,0.9714724181083026,0.8626488545046147,0.08030851837439783,2.2155499968701067,0.8410695808744806,0.24674692854640942
final_lr005_seed42,0.05,42,90,32,0.686977213221346,0.9881772341992414,0.8889739906617691,0.1519516191826745,2.7611162977923156,0.8410535773455861,0.2302425143174738
final_lr005_seed42,0.05,42,90,39,0.7121918768230281,0.9909335308813033,0.8782356105389079,0.08713855870587471,3.212591074073892,0.8410617415350677,0.2225320623659045
final_lr005_seed42,0.05,42,90,52,0.7477940102055664,0.9939189889430241,0.8771858672307447,0.0288702768677535,3.720795398667695,0.8410788594820907,0.23801708808228875
final_lr005_seed42,0.05,42,90,64,0.7710965279824701,0.9952993939970916,0.8491241829651796,0.039208328571725785,4.596311823825157,0.8410928520184937,0.21897499102050547
final_lr005_seed42,0.05,42,90,128,0.8415442378702168,0.9977316260430029,0.7858296569007784,0.00044982814693787695,7.795162256490725,0.8411046476486338,0.16531559743856333
final_lr005_seed42,0.05,42,90,256,0.918815259218382,0.9991831159340061,0.831755657962524,0.0028663501657783465,9.773328339919772,0.8411066369065795,0.12538186943764323
final_lr005_seed42,0.05,42,90,512,1.0000000000000004,1.0000000000000013,1.0,1.0,3.1335663492236785e-14,0.8411074985365444,0.9999691639228175
final_lr005_seed42,0.05,42,100,1,0.08124722028689246,0.19497039355528592,0.9766726666552433,0.9766726666552433,0.21641901886915302,0.9232071897029342,0.8403963219380375
final_lr005_seed42,0.05,42,100,2,0.15168781018528904,0.34152437252428774,0.8979363263014,0.8131460118158332,0.6485445021395317,0.826222726394792,0.7940764211240989
final_lr005_seed42,0.05,42,100,4,0.27374751592614116,0.5618278212989544,0.8979146333911913,0.7284453707476274,0.9204618319611532,0.8022858006734871,0.7115746312666068
final_lr005_seed42,0.05,42,100,8,0.48454042898233546,0.8907192386314884,0.8815945712859781,0.1561651796545803,1.4855122937446206,0.8194816668610687,0.014105917227446477
final_lr005_seed42,0.05,42,100,16,0.5983452724541246,0.9725063461045619,0.9009728763422652,0.4917421664137492,1.8289176929800959,0.866318161822365,0.2824657839056358
final_lr005_seed42,0.05,42,100,32,0.6896377906090174,0.988289457619091,0.8946866345969899,0.16318283100023875,2.701078418029836,0.8663008965374672,0.25261598810806374
final_lr005_seed42,0.05,42,100,39,0.7160243776468365,0.9912372131632222,0.8920680972697895,0.11386985170136045,3.0226159719584933,0.8663186585050812,0.2555766564761482
final_lr005_seed42,0.05,42,100,52,0.7518261448210102,0.9941935273758186,0.896747118165144,0.21665570330601652,3.3856435008451133,0.8663342258551592,0.2649628840697555
final_lr005_seed42,0.05,42,100,64,0.7748870303219311,0.9955138756837693,0.8730759068201017,0.12403718943626092,4.190603181286169,0.8663446683164465,0.24230262999547694
final_lr005_seed42,0.05,42,100,128,0.8449767435644436,0.9978714508686323,0.8130693040518087,0.009937103696109948,7.262203553369836,0.8663540809311507,0.1850489601388818
final_lr005_seed42,0.05,42,100,256,0.9209204516167795,0.9992424055025106,0.8510052049245691,0.013528865836844761,9.176527998756008,0.8663557364741656,0.138231977297103
final_lr005_seed42,0.05,42,100,512,1.0,1.0000000000000013,1.0,1.0,3.1166938707416107e-14,0.8663564742491683,0.9999648009386434
final_lr005_seed42,0.05,42,110,1,0.08601601554701664,0.20894624782677382,0.965706360791594,0.965706360791594,0.2626459999905054,0.8934491405044189,0.8559265736702187
final_lr005_seed42,0.05,42,110,2,0.15367110424574,0.3382100332259122,0.9240455796911873,0.8765141863402532,0.5561890629371022,0.8408350193304013,0.8230744162447766
final_lr005_seed42,0.05,42,110,4,0.27583503989896196,0.5489631474806306,0.7551077623444501,0.23474546217756398,1.4881728693883474,0.7207674175018042,0.6094489403253888
final_lr005_seed42,0.05,42,110,8,0.49568817637338547,0.8914555765285086,0.9549980319807639,0.7408964342338648,0.8629186587572814,0.8542663041576806,0.3908375931878549
final_lr005_seed42,0.05,42,110,16,0.6108811190489232,0.9747219303360835,0.8732993900733426,0.11413938967189148,2.1225424355511398,0.875027374948509,0.2751682552969065
final_lr005_seed42,0.05,42,110,32,0.7013561543991035,0.9897126577430663,0.9008968052475156,0.05680978051471142,2.6341436264900264,0.8750256703725041,0.27507098114274947
final_lr005_seed42,0.05,42,110,39,0.7263059808110244,0.9922366104217246,0.9002808741205397,0.11375000750733945,2.908708045468236,0.8750300616466682,0.2580037125469411
final_lr005_seed42,0.05,42,110,52,0.7606717144973891,0.9948386991769798,0.9018588357885453,0.0094408862521006,3.3321491879416594,0.8750429839030657,0.2729688038488849
final_lr005_seed42,0.05,42,110,64,0.7827249542108865,0.9959936834746451,0.8855657524801286,0.04635221267263518,3.9830950668259906,0.8750499522405035,0.24960926870465736
final_lr005_seed42,0.05,42,110,128,0.8505219823062523,0.9980955110261694,0.8169056103715777,0.017742881518559114,7.1991242338599655,0.8750600106150725,0.1913961557548934
final_lr005_seed42,0.05,42,110,256,0.9243197240103488,0.9993348559153165,0.8571916673000954,0.0007453805988935061,8.985131927320005,0.8750616096554084,0.14293644359957663
final_lr005_seed42,0.05,42,110,512,0.9999999999999999,0.9999999999999993,1.0,1.0,3.118283050220611e-14,0.8750622592357196,0.9999586892040085
final_lr005_seed42,0.05,42,120,1,0.07214886680629704,0.15228978173161387,0.9653090514732715,0.9653090514732715,0.26417192122607724,0.8985724471631478,0.880263665679962
final_lr005_seed42,0.05,42,120,2,0.13828712661049944,0.2802624611916448,0.9646609582816066,0.9525581335218655,0.37722294020603375,0.8791092663079406,0.8715640137314963
final_lr005_seed42,0.05,42,120,4,0.26170841034705555,0.503146697504308,0.7932000710608399,0.2801453880367189,1.3685323193126924,0.7353651733453537,0.6493331699403131
final_lr005_seed42,0.05,42,120,8,0.48851225112711183,0.8804210987861772,0.9557896056748236,0.7142454659274547,0.8585682309532173,0.871390208446587,0.37372642800639483
final_lr005_seed42,0.05,42,120,16,0.6061363902526206,0.9712993235329079,0.9321108568677793,0.6321262191738486,1.5022183096324082,0.8980583705980452,0.3405083124273277
final_lr005_seed42,0.05,42,120,32,0.7024373810943363,0.9887739921826512,0.9245716687186996,0.13651431791201007,2.2946560230603272,0.8980229348765021,0.3188631814045147
final_lr005_seed42,0.05,42,120,39,0.7294799310874115,0.9918420268244518,0.9224083566528198,0.27926380872066053,2.5434728028467686,0.8980323111841644,0.30657426069362714
final_lr005_seed42,0.05,42,120,52,0.7655903680677466,0.9948244091896614,0.9264941027178774,0.18794470718052145,2.8592582289441686,0.898040157075078,0.3172246038255724
final_lr005_seed42,0.05,42,120,64,0.7875006035025781,0.9960075138172801,0.8971015054123814,0.03115757752974378,3.792989309023133,0.8980491884784689,0.28303646608990685
final_lr005_seed42,0.05,42,120,128,0.8542099934309499,0.9981215309845133,0.8365341868114379,0.01953730369378547,6.791413136969885,0.8980570794838721,0.21551471126764438
final_lr005_seed42,0.05,42,120,256,0.9262829499169754,0.9993462188539569,0.8715757674431435,0.005447382019110184,8.514641509046262,0.8980583748062323,0.16331810121082513
final_lr005_seed42,0.05,42,120,512,1.0000000000000022,1.0,1.0,1.0,3.1263376048498205e-14,0.8980587985279271,0.9999709445895052
final_lr005_seed42,0.05,42,130,1,0.07795446780647308,0.16676874605809483,0.9354689608180137,0.9354689608180137,0.361212620256018,0.8486374222439381,0.8658410068679019
final_lr005_seed42,0.05,42,130,2,0.14669181602774536,0.2964323799604705,0.5827686482028841,0.22662065339183127,1.3874091715360377,0.5720003954775695,0.7087692617345056
final_lr005_seed42,0.05,42,130,4,0.2751090148615027,0.5229728229071078,0.9031725157741666,0.7103120337937223,0.8979863280854075,0.8000120327268448,0.7702358552403586
final_lr005_seed42,0.05,42,130,8,0.5032684002621151,0.8804718942677836,0.9315683105387371,0.5022788097606047,1.0911978996102627,0.8432094288065972,0.14887785907886678
final_lr005_seed42,0.05,42,130,16,0.6226059729165361,0.9743094185281302,0.8858112564091074,0.07025729774675293,2.027028675236285,0.8931873734442526,0.331289142745661
final_lr005_seed42,0.05,42,130,32,0.7182542505628513,0.9904891535737066,0.934348966018161,0.24308834686578906,2.127507218973331,0.8931737177835208,0.3171294172931272
final_lr005_seed42,0.05,42,130,39,0.7441136935458681,0.9931215156484967,0.9250090845968078,0.12565199607726402,2.5282292175699457,0.8931885394855519,0.2949398125186
final_lr005_seed42,0.05,42,130,52,0.7784490495120258,0.9956671920886591,0.9289736928451682,0.15065652980085767,2.833695680660707,0.8932018089384518,0.32600857918517584
final_lr005_seed42,0.05,42,130,64,0.7986001379442995,0.9966044614975815,0.9168580321498832,0.1960290553042197,3.375629893024685,0.8932092362110529,0.2978529228859113
final_lr005_seed42,0.05,42,130,128,0.8626015542470652,0.9984250898199838,0.847913276314882,0.03128434742589164,6.552410227314257,0.8932158556194779,0.22576353362468754
final_lr005_seed42,0.05,42,130,256,0.9309017626481255,0.9994601584691938,0.8803070285797618,0.010973200212724717,8.214262499291241,0.8932166554820978,0.17715470343326792
final_lr005_seed42,0.05,42,130,512,1.0,1.0,1.0,1.0,3.147250347062412e-14,0.8932170616259199,0.9999728832367671
final_lr005_seed42,0.05,42,140,1,0.07827590474362857,0.16218389929038302,0.975000750161346,0.975000750161346,0.22407190928699727,0.9425298629458305,0.9157303733257919
final_lr005_seed42,0.05,42,140,2,0.1462074380808147,0.28433415503382203,0.7672223508627418,0.5539071768126124,1.0033987597929475,0.72572999141086,0.8048998080732955
final_lr005_seed42,0.05,42,140,4,0.2760525351168875,0.5075157475528952,0.928896866985834,0.7994035299373387,0.7643887154488755,0.8603508636760715,0.819667306601041
final_lr005_seed42,0.05,42,140,8,0.5133307117690665,0.8805343199016306,0.9068195634890549,0.29041005471516446,1.303962783771697,0.8686780907587535,0.054622073417684464
final_lr005_seed42,0.05,42,140,16,0.6321218444668888,0.9761628358320524,0.9550737751216043,0.7021778945949587,1.2183826659378167,0.9281933467663569,0.44529703136462373
final_lr005_seed42,0.05,42,140,32,0.7254183811087829,0.9909373076450411,0.9587998116649199,0.624603250906024,1.651594773563193,0.9281402852051726,0.40812065139349846
final_lr005_seed42,0.05,42,140,39,0.7518342106845494,0.9935898137710453,0.9361221608886297,0.09929771779806289,2.3427810667236963,0.928142325115713,0.37228397192520113
final_lr005_seed42,0.05,42,140,52,0.7863297641783883,0.9960794548550149,0.9428026571255431,0.13948716089486138,2.541712995301252,0.9281470251942239,0.38952331862384176
final_lr005_seed42,0.05,42,140,64,0.8063160717887756,0.9969690509142337,0.9287257947412276,0.11632469897127588,3.1381942801202007,0.9281509483135514,0.3569483779115383
final_lr005_seed42,0.05,42,140,128,0.8678098556019511,0.9985937569509867,0.8718603711300705,0.034942783724203945,6.00373966634371,0.9281548893278067,0.27799416941558813
final_lr005_seed42,0.05,42,140,256,0.9335945469574412,0.9995187593761269,0.9020578581992004,0.013464722056861483,7.407225691559296,0.9281554819888235,0.22976925605815843
final_lr005_seed42,0.05,42,140,512,1.0,0.9999999999999981,1.0,1.0,3.156908443786761e-14,0.9281558302756658,0.99995138781644
final_lr005_seed42,0.05,42,150,1,0.07930422664497692,0.15313921717025372,0.9871083652982081,0.9871083652982081,0.16074470045373346,0.9571672190313386,0.947568546936103
final_lr005_seed42,0.05,42,150,2,0.14993300955390285,0.2746059077027925,0.9777998031831479,0.9640307624719304,0.29876409175497476,0.9343258121753065,0.9409288740623856
final_lr005_seed42,0.05,42,150,4,0.28408063160418895,0.4937077861623576,0.8853618669081267,0.6488064343458833,0.9821742137532461,0.830570892408936,0.7906877904323542
final_lr005_seed42,0.05,42,150,8,0.5361436981134584,0.8806914864870706,0.8932807171488046,0.16532287761792033,1.4182340332515169,0.8841549938310505,0.03212746117627128
final_lr005_seed42,0.05,42,150,16,0.6568381171483416,0.981417653277412,0.9754392002384719,0.8190653126003569,0.8957301850242496,0.9538861144299116,0.6124358206279302
final_lr005_seed42,0.05,42,150,32,0.7410690804898646,0.99252035213991,0.9532702700010209,0.10482147065794112,1.8349750698731948,0.9538470127030996,0.5345619611191315
final_lr005_seed42,0.05,42,150,39,0.7659064737882845,0.9946744021890584,0.9609631576810538,0.4368831831318133,1.794465041375934,0.9538492199422722,0.5340953027795946
final_lr005_seed42,0.05,42,150,52,0.7988419822386418,0.9967468810916144,0.9611583541955653,0.35209680538749105,2.0736468044505347,0.9538545068596432,0.5259520352637244
final_lr005_seed42,0.05,42,150,64,0.8184343913440556,0.9975356589012174,0.957120666875698,0.3394744951492486,2.409205363829504,0.9538562860414931,0.5105655376750637
final_lr005_seed42,0.05,42,150,128,0.8764486944658471,0.9988730786004986,0.9111063202733765,0.030776516412933014,4.984411221948013,0.9538585259011019,0.41832332163829844
final_lr005_seed42,0.05,42,150,256,0.937747329755432,0.9996113217133471,0.9315071207067165,0.03948865383777629,6.1809477922183556,0.953859006433633,0.3661292990977116
final_lr005_seed42,0.05,42,150,512,0.9999999999999993,1.0000000000000002,1.0,1.0,3.141753942894126e-14,0.9538591753238985,0.9999748522746809
final_lr005_seed42,0.05,42,160,1,0.08371931992972936,0.15606235587364914,0.9949854429877022,0.9949854429877022,0.10018736037284175,0.9846595414156458,0.9810963283204692
final_lr005_seed42,0.05,42,160,2,0.15688214188924104,0.27524902189876904,0.978530976409722,0.9616555153230264,0.2939018720877775,0.961665422583297,0.9697480278385909
final_lr005_seed42,0.05,42,160,4,0.29742268429179375,0.4951665090979655,0.9633844005862603,0.8621632258506836,0.5472777598464098,0.9417075775902186,0.9270502083230598
final_lr005_seed42,0.05,42,160,8,0.5619610841954765,0.8848130469974882,0.9545902592620943,0.6445157734528835,0.8793168197266186,0.9387369793500839,0.4246839084138122
final_lr005_seed42,0.05,42,160,16,0.678532085276411,0.9856645867788736,0.9799712459403354,0.8502011901210241,0.8074525572610978,0.9838186193682834,0.7933219648577947
final_lr005_seed42,0.05,42,160,32,0.7547337306359111,0.9939532468982167,0.9724779721705421,0.3826438329521139,1.3850422780454508,0.9838071574970302,0.7355535173457488
final_lr005_seed42,0.05,42,160,39,0.7772613648312365,0.9955725936016774,0.9695057413512848,0.3303783940503141,1.6057811480522757,0.9838087377383925,0.7193429467177428
final_lr005_seed42,0.05,42,160,52,0.8085965441405202,0.997278204858332,0.98258326096349,0.5769332510605699,1.3740584453829476,0.9838093524032367,0.7493209408220118
final_lr005_seed42,0.05,42,160,64,0.827947320160329,0.9979811298751112,0.9787658285610719,0.428674353039795,1.696276144533171,0.9838100138484311,0.7365732561497265
final_lr005_seed42,0.05,42,160,128,0.8827489737488632,0.9990782488002169,0.9594263311378967,0.07455879907531597,3.3389107539363914,0.9838106592516473,0.6623657172394853
final_lr005_seed42,0.05,42,160,256,0.9404715041689664,0.9996754503739741,0.9664023306978886,0.15343341921083012,4.292313829235136,0.9838107838600689,0.6143604675430675
final_lr005_seed42,0.05,42,160,512,1.0000000000000018,0.9999999999999982,1.0,1.0,3.141961451052289e-14,0.9838108616342587,0.9999667642066077
final_lr005_seed42,0.05,42,170,1,0.08930061222913252,0.16011777400598887,0.9985688385405657,0.9985688385405657,0.053507064212054305,0.996628748837793,0.9955458475497311
final_lr005_seed42,0.05,42,170,2,0.16592610713751194,0.27800785232929576,0.9921129281246832,0.9855909716128943,0.17781558639630307,0.9880750734594007,0.9917948704013482
final_lr005_seed42,0.05,42,170,4,0.3139582907901212,0.49807461103378575,0.9916064637398752,0.9749107006875176,0.2595661494671571,0.9862472501807515,0.9829257176914244
final_lr005_seed42,0.05,42,170,8,0.5941096621333546,0.8921328841928404,0.9555420009343796,0.6471813487137159,0.8701913088316884,0.9505874664753248,0.43072159773201946
final_lr005_seed42,0.05,42,170,16,0.7051709796370043,0.9896426242918615,0.9968660336682196,0.9768236024401457,0.3170616269088175,0.9963749074604427,0.9541150095708637
final_lr005_seed42,0.05,42,170,32,0.7714711440233051,0.995274725196996,0.996862190617179,0.9680012950997225,0.4488089321749531,0.9963723533577843,0.9464682306141408
final_lr005_seed42,0.05,42,170,39,0.7918506461490495,0.9964689606276831,0.995775638129566,0.9409586157985613,0.5757025876403562,0.9963723711869175,0.9350799130518332
final_lr005_seed42,0.05,42,170,52,0.8211928450804036,0.9978125432373158,0.9969656298938347,0.934559288676992,0.5633267693549232,0.9963724278183469,0.939943937022318
final_lr005_seed42,0.05,42,170,64,0.8399856194120936,0.9984099343106901,0.9949101736327048,0.8196363666905169,0.8145787153292717,0.9963725315174607,0.9230469183689397
final_lr005_seed42,0.05,42,170,128,0.8914880913902116,0.9992899847099159,0.9873607618112654,0.3550813218498075,1.851085917772316,0.9963725851830781,0.895178911266014
final_lr005_seed42,0.05,42,170,256,0.9447081644867898,0.9997474248570875,0.9886631613332054,0.17728779163133154,2.494416650571803,0.9963725811157361,0.8726660034378473
final_lr005_seed42,0.05,42,170,512,0.9999999999999994,0.9999999999999994,1.0,1.0,3.1433461130212694e-14,0.9963725900044688,0.9999788352447282
final_lr005_seed42,0.05,42,180,1,0.09114456359266691,0.16157139316323169,0.9978939038674307,0.9978939038674307,0.06491280030213052,0.9967008884327515,0.9981032296344468
final_lr005_seed42,0.05,42,180,2,0.1690316147247484,0.2795582014133793,0.9927423710064616,0.9866703900257562,0.17055914606434863,0.9892032100324871,0.9941471003948207
final_lr005_seed42,0.05,42,180,4,0.318632570341011,0.4972600480027937,0.9680814309258132,0.8778377290239445,0.5103904599810973,0.9579449783654165,0.9430609795042504
final_lr005_seed42,0.05,42,180,8,0.6038487165357556,0.8929587110057597,0.9204258245538025,0.3657592525947478,1.198312927491091,0.9317962869158287,0.15140286415266688
final_lr005_seed42,0.05,42,180,16,0.7135200967979429,0.9907326933792795,0.9981181695650201,0.9816383637675892,0.2456465839657511,0.9986229396509361,0.9820653815190158
final_lr005_seed42,0.05,42,180,32,0.7764221903615754,0.9956295282204517,0.9941933831007497,0.8432085835482278,0.6166211155067953,0.9986225337853696,0.9560136991694468
final_lr005_seed42,0.05,42,180,39,0.7960928938752105,0.9967067881836958,0.9973523542887992,0.9389626699676435,0.455924188762346,0.9986226328704594,0.9669591776623452
final_lr005_seed42,0.05,42,180,52,0.8248185920974894,0.997952537659482,0.9988482073080305,0.9785181486335254,0.34641094817834045,0.9986226370862382,0.9774870817695179
final_lr005_seed42,0.05,42,180,64,0.8433983818832216,0.9985176144827281,0.9986489502108653,0.9599004380717369,0.41658120374441215,0.9986226703948412,0.9748648654426697
final_lr005_seed42,0.05,42,180,128,0.8940126401196141,0.9993442544191825,0.9962874884229147,0.9042465110392233,0.9781349944117583,0.9986227221777233,0.9604089970288054
final_lr005_seed42,0.05,42,180,256,0.9459424762075166,0.9997661077149393,0.9930863229980522,0.13998575035524893,1.971689734768379,0.9986227251778053,0.9399435512300672
final_lr005_seed42,0.05,42,180,512,1.0000000000000004,0.9999999999999994,1.0,1.0,3.154497643979856e-14,0.9986227279558472,0.9999439207308336
final_lr005_seed42,0.05,42,190,1,0.09115306538385472,0.15881797792638128,0.9978772167532698,0.9978772167532698,0.06516954360663134,0.9967896390121047,0.9990204885793945
final_lr005_seed42,0.05,42,190,2,0.17017034527859756,0.27816216121248893,0.986345054582139,0.9738675631235401,0.23419965511935045,0.9813605032940907,0.9900066682564584
final_lr005_seed42,0.05,42,190,4,0.3227852784954417,0.5008364049182514,0.9936299852858566,0.9839334715651871,0.22597846459798565,0.9907152708596163,0.989085724750211
final_lr005_seed42,0.05,42,190,8,0.6098205967856033,0.8946145127830962,0.969580467314953,0.7582347316967057,0.7124318393422675,0.9661407802227155,0.5886463118559943
final_lr005_seed42,0.05,42,190,16,0.7183609736222076,0.9912431160629444,0.9979330168617737,0.9759254976099425,0.25757860177445513,0.99944793109842,0.9906741385905813
final_lr005_seed42,0.05,42,190,32,0.7799032369789538,0.9958480113959343,0.998793278280276,0.9719323488940268,0.27838831835265515,0.9994477384024685,0.9902138981147331
final_lr005_seed42,0.05,42,190,39,0.7992093643951084,0.9968681776730258,0.9994334927739785,0.9919773818489739,0.21028108719698185,0.9994478767511442,0.9921655321935122
final_lr005_seed42,0.05,42,190,52,0.8273387586044768,0.9980414250574272,0.9997025781975819,0.9972921314371094,0.17589329051624358,0.9994479033120743,0.9930307164458066
final_lr005_seed42,0.05,42,190,64,0.8456814997673755,0.9985829581523654,0.9994618839749911,0.9878069610406891,0.26256934993821895,0.9994479150750417,0.9907121635790844
final_lr005_seed42,0.05,42,190,128,0.8956807037738268,0.9993755748626817,0.9976781166152464,0.9250072754885232,0.773064859568036,0.9994479288516881,0.9826159400215609
final_lr005_seed42,0.05,42,190,256,0.9468065080892897,0.9997774463626354,0.9959934404133721,0.619444603401456,1.4592811855570866,0.999447936312418,0.9687001746311814
final_lr005_seed42,0.05,42,190,512,0.9999999999999998,0.9999999999999988,1.0,1.0,3.135599110493459e-14,0.9994479394804516,0.9999722059696523
final_lr005_seed42,0.05,42,200,1,0.09157905732084914,0.15991001403694866,1.0,1.0,4.457082689196282e-16,1.0,1.0
final_lr005_seed42,0.05,42,200,2,0.17053988838878203,0.278789452559955,1.0,1.0,4.981277284983072e-16,0.9999999999999998,1.0
final_lr005_seed42,0.05,42,200,4,0.32276302999132617,0.4997902709162825,1.0,1.0,7.998840673439027e-16,1.0,1.0000000000000002
final_lr005_seed42,0.05,42,200,8,0.6102926732268034,0.8940081883367135,1.0,1.0,1.841104579542445e-15,1.0,0.9999999999999999
final_lr005_seed42,0.05,42,200,16,0.719069541017214,0.9913081284955432,1.0,1.0,1.850456536044208e-15,0.9999999999999999,0.9999999999999999
final_lr005_seed42,0.05,42,200,32,0.7804577028161064,0.9958770167399976,1.0,1.0,3.8237143205747585e-15,1.0,1.0
final_lr005_seed42,0.05,42,200,39,0.7997296400820005,0.9968910689129136,1.0,1.0,4.8627988147695275e-15,1.0000000000000002,1.0
final_lr005_seed42,0.05,42,200,52,0.8278271869810426,0.9980591550704477,1.0,1.0,6.112834514582164e-15,1.0,1.0000000000000002
final_lr005_seed42,0.05,42,200,64,0.8460978769557521,0.9985951492412629,1.0,1.0,7.393641584360728e-15,1.0,1.0
final_lr005_seed42,0.05,42,200,128,0.895894392425855,0.9993798771477573,1.0,1.0,1.2503755036510436e-14,1.0000000000000002,1.0000000000000002
final_lr005_seed42,0.05,42,200,256,0.9469049953883123,0.9997788614238973,1.0,1.0,2.157581532494845e-14,0.9999999999999999,1.0
final_lr005_seed42,0.05,42,200,512,1.000000000000002,1.0000000000000013,1.0,1.0,2.872663208156853e-14,1.0,1.0000000000000002
