run,lr,seed,epoch,basis,test_acc,test_nll,test_margin,k
final_lr010_seed3,0.1,3,0,self,0.15245098039215688,2.2398529775717972,-0.2621687000516888,1
final_lr010_seed3,0.1,3,0,self,0.17892156862745098,2.188340740877346,-0.3968143112255281,2
final_lr010_seed3,0.1,3,0,self,0.24215686274509804,2.064292764446892,-0.4577632495678939,4
final_lr010_seed3,0.1,3,0,self,0.28921568627450983,1.957789808344627,-0.4768009850223386,8
final_lr010_seed3,0.1,3,0,self,0.3235294117647059,1.8698559459810895,-0.46745982287809834,16
final_lr010_seed3,0.1,3,0,self,0.35441176470588237,1.7547366603592198,-0.4259569101472116,32
final_lr010_seed3,0.1,3,0,self,0.36911764705882355,1.734632905408692,-0.4101274555609814,39
final_lr010_seed3,0.1,3,0,self,0.38088235294117645,1.7195760638587185,-0.4039806520577836,52
final_lr010_seed3,0.1,3,0,self,0.3813725490196078,1.711001241838631,-0.40431205470978404,64
final_lr010_seed3,0.1,3,0,self,0.40294117647058825,1.67306771527339,-0.3754991491811369,128
final_lr010_seed3,0.1,3,0,self,0.3862745098039216,1.6994113118443561,-0.43751809831661354,256
final_lr010_seed3,0.1,3,0,self,0.39019607843137255,1.8378033514475487,-0.6110901655103685,512
final_lr010_seed3,0.1,3,0,final,0.153921568627451,2.224652455958592,-0.2753424542956791,1
final_lr010_seed3,0.1,3,0,final,0.18480392156862746,2.207942397847652,-0.3424543337857117,2
final_lr010_seed3,0.1,3,0,final,0.19509803921568628,2.191061111947362,-0.37513127325756207,4
final_lr010_seed3,0.1,3,0,final,0.21568627450980393,2.138428763957309,-0.47030869392232777,8
final_lr010_seed3,0.1,3,0,final,0.27450980392156865,2.0329599631994184,-0.49047625522194077,16
final_lr010_seed3,0.1,3,0,final,0.29215686274509806,1.916814276652709,-0.4909397155951726,32
final_lr010_seed3,0.1,3,0,final,0.3191176470588235,1.8894318155569958,-0.4878457598888503,39
final_lr010_seed3,0.1,3,0,final,0.33578431372549017,1.8440566387865667,-0.48316945756901253,52
final_lr010_seed3,0.1,3,0,final,0.3431372549019608,1.822332870609222,-0.4847824500901246,64
final_lr010_seed3,0.1,3,0,final,0.3573529411764706,1.765974979897445,-0.48024533143595777,128
final_lr010_seed3,0.1,3,0,final,0.39362745098039215,1.7245603162431857,-0.4593442500731873,256
final_lr010_seed3,0.1,3,0,final,0.3877450980392157,1.772026929206408,-0.5346229900307276,512
final_lr010_seed3,0.1,3,2,self,0.2235294117647059,1.8062165616456838,-0.2541992946705957,1
final_lr010_seed3,0.1,3,2,self,0.38382352941176473,1.5419675443476144,-0.2858511971336149,2
final_lr010_seed3,0.1,3,2,self,0.4985294117647059,1.2940439012799336,-0.05117075280231185,4
final_lr010_seed3,0.1,3,2,self,0.5549019607843138,1.1855522753239907,0.3662331573339274,8
final_lr010_seed3,0.1,3,2,self,0.5799019607843138,1.1274906952764998,0.49137032456024715,16
final_lr010_seed3,0.1,3,2,self,0.5877450980392157,1.1001636307864922,0.5597824555102563,32
final_lr010_seed3,0.1,3,2,self,0.5950980392156863,1.0966755611269599,0.57415639630342,39
final_lr010_seed3,0.1,3,2,self,0.6009803921568627,1.0873948057811589,0.6101178085970751,52
final_lr010_seed3,0.1,3,2,self,0.6049019607843137,1.0830123779340368,0.6407524291786242,64
final_lr010_seed3,0.1,3,2,self,0.6107843137254902,1.0680300521170258,0.7415892324267475,128
final_lr010_seed3,0.1,3,2,self,0.6039215686274509,1.117441042771074,0.7954389492463887,256
final_lr010_seed3,0.1,3,2,self,0.5735294117647058,1.4040421335171036,0.9230469358043818,512
final_lr010_seed3,0.1,3,2,final,0.23921568627450981,1.7805987813937763,-0.2758231537257407,1
final_lr010_seed3,0.1,3,2,final,0.40441176470588236,1.51729517394646,-0.28106979565533713,2
final_lr010_seed3,0.1,3,2,final,0.5200980392156863,1.26734780533725,0.01485992498066374,4
final_lr010_seed3,0.1,3,2,final,0.5602941176470588,1.1676989311700352,0.43703889449664296,8
final_lr010_seed3,0.1,3,2,final,0.5843137254901961,1.1298193589999412,0.5118707158362884,16
final_lr010_seed3,0.1,3,2,final,0.5906862745098039,1.0981697060993827,0.5859924708970915,32
final_lr010_seed3,0.1,3,2,final,0.5926470588235294,1.0954434555378656,0.6025901395221162,39
final_lr010_seed3,0.1,3,2,final,0.6019607843137255,1.0860892479549282,0.6232315807328351,52
final_lr010_seed3,0.1,3,2,final,0.6044117647058823,1.07724900203003,0.6448481242746299,64
final_lr010_seed3,0.1,3,2,final,0.611764705882353,1.081394537607729,0.6901458970984027,128
final_lr010_seed3,0.1,3,2,final,0.6127450980392157,1.1005879007455865,0.7582183123613141,256
final_lr010_seed3,0.1,3,2,final,0.6044117647058823,1.2076234184819525,0.8581561594533035,512
final_lr010_seed3,0.1,3,4,self,0.29411764705882354,1.6841615317447645,-0.14804910420235026,1
final_lr010_seed3,0.1,3,4,self,0.4715686274509804,1.3331528761142706,0.007796851632328436,2
final_lr010_seed3,0.1,3,4,self,0.6186274509803922,1.0494951686458267,0.7715925553831454,4
final_lr010_seed3,0.1,3,4,self,0.7299019607843137,0.7733310930516428,1.745546589339353,8
final_lr010_seed3,0.1,3,4,self,0.7436274509803922,0.7326128702148919,1.9919681549499224,16
final_lr010_seed3,0.1,3,4,self,0.7480392156862745,0.7343317595552252,1.982138691065103,32
final_lr010_seed3,0.1,3,4,self,0.746078431372549,0.7299315240401858,1.9733342354234322,39
final_lr010_seed3,0.1,3,4,self,0.7534313725490196,0.7266699078172083,2.033418927897163,52
final_lr010_seed3,0.1,3,4,self,0.7519607843137255,0.7234822031453662,2.069992170911593,64
final_lr010_seed3,0.1,3,4,self,0.7450980392156863,0.7483808186165741,2.2439351130781993,128
final_lr010_seed3,0.1,3,4,self,0.7318627450980392,0.8187864806320128,2.6297161450704745,256
final_lr010_seed3,0.1,3,4,self,0.696078431372549,1.3949123171886886,3.74570965633847,512
final_lr010_seed3,0.1,3,4,final,0.2803921568627451,1.6964489966463212,-0.22480859565690547,1
final_lr010_seed3,0.1,3,4,final,0.4666666666666667,1.3212196296043408,-0.1674505408437626,2
final_lr010_seed3,0.1,3,4,final,0.6602941176470588,0.9410708396393656,0.847565915097024,4
final_lr010_seed3,0.1,3,4,final,0.7357843137254902,0.775306683090021,1.7451673920697108,8
final_lr010_seed3,0.1,3,4,final,0.7475490196078431,0.7446891290047378,1.9215697729137904,16
final_lr010_seed3,0.1,3,4,final,0.7475490196078431,0.7409190860052921,2.0017233219006627,32
final_lr010_seed3,0.1,3,4,final,0.7509803921568627,0.734117338563695,2.0419420619247015,39
final_lr010_seed3,0.1,3,4,final,0.7416666666666667,0.7381514684596941,2.0512948934330515,52
final_lr010_seed3,0.1,3,4,final,0.7431372549019608,0.7403914704559746,2.069123967962657,64
final_lr010_seed3,0.1,3,4,final,0.7514705882352941,0.7337169138789965,2.170631202191329,128
final_lr010_seed3,0.1,3,4,final,0.7387254901960785,0.7896005616682961,2.4064838416496435,256
final_lr010_seed3,0.1,3,4,final,0.7215686274509804,0.9346545073619446,2.939414949765008,512
final_lr010_seed3,0.1,3,6,self,0.29705882352941176,1.586834712552304,-0.2756292256749221,1
final_lr010_seed3,0.1,3,6,self,0.5294117647058824,1.1793686584054834,0.12640711064811389,2
final_lr010_seed3,0.1,3,6,self,0.7176470588235294,0.807228159722878,1.0965862285889603,4
final_lr010_seed3,0.1,3,6,self,0.7990196078431373,0.5948535775469301,2.8292226302111487,8
final_lr010_seed3,0.1,3,6,self,0.8176470588235294,0.5407562048546282,3.1616865044704925,16
final_lr010_seed3,0.1,3,6,self,0.8284313725490197,0.5304756200400612,3.217334562385026,32
final_lr010_seed3,0.1,3,6,self,0.8303921568627451,0.5324073223596467,3.2255140784087333,39
final_lr010_seed3,0.1,3,6,self,0.8240196078431372,0.5295375670235638,3.2626492977018002,52
final_lr010_seed3,0.1,3,6,self,0.8235294117647058,0.5325594541123653,3.3335732682368175,64
final_lr010_seed3,0.1,3,6,self,0.8200980392156862,0.5523347056688784,3.723111705395505,128
final_lr010_seed3,0.1,3,6,self,0.807843137254902,0.6952562224769752,4.675685698649845,256
final_lr010_seed3,0.1,3,6,self,0.7544117647058823,1.3869257889193434,6.150570488707045,512
final_lr010_seed3,0.1,3,6,final,0.3058823529411765,1.6060972715734378,-0.2588904849231293,1
final_lr010_seed3,0.1,3,6,final,0.4906862745098039,1.1893416189867838,-0.04511173924012059,2
final_lr010_seed3,0.1,3,6,final,0.7230392156862745,0.7636833106772846,1.3229098917582842,4
final_lr010_seed3,0.1,3,6,final,0.8058823529411765,0.5833940893310723,2.812049608010099,8
final_lr010_seed3,0.1,3,6,final,0.8122549019607843,0.554715930173098,3.0627640403722007,16
final_lr010_seed3,0.1,3,6,final,0.8200980392156862,0.5372443342765474,3.155733959990641,32
final_lr010_seed3,0.1,3,6,final,0.832843137254902,0.5293310004532277,3.2101921872995787,39
final_lr010_seed3,0.1,3,6,final,0.8294117647058824,0.5284189250268335,3.2381596345065975,52
final_lr010_seed3,0.1,3,6,final,0.8259803921568627,0.5315906374490158,3.2787929590299836,64
final_lr010_seed3,0.1,3,6,final,0.8215686274509804,0.5613201622342486,3.5733501905308533,128
final_lr010_seed3,0.1,3,6,final,0.8073529411764706,0.6287546696176981,4.070314318879317,256
final_lr010_seed3,0.1,3,6,final,0.7926470588235294,0.7889228049361308,5.12963751175107,512
final_lr010_seed3,0.1,3,8,self,0.31813725490196076,1.6289626958992391,-0.23327116919871804,1
final_lr010_seed3,0.1,3,8,self,0.4946078431372549,1.2184382465878463,-0.008485331676664284,2
final_lr010_seed3,0.1,3,8,self,0.7142156862745098,0.792584750761967,1.209955098897109,4
final_lr010_seed3,0.1,3,8,self,0.8186274509803921,0.5457780749493466,3.005733193168065,8
final_lr010_seed3,0.1,3,8,self,0.8352941176470589,0.5086078969272537,3.504549934770406,16
final_lr010_seed3,0.1,3,8,self,0.8387254901960784,0.5007231179141842,3.3950735673222034,32
final_lr010_seed3,0.1,3,8,self,0.8377450980392157,0.498705048664496,3.4535916275545846,39
final_lr010_seed3,0.1,3,8,self,0.8372549019607843,0.4980504942408296,3.4842535957825707,52
final_lr010_seed3,0.1,3,8,self,0.8416666666666667,0.5032149288430638,3.5367255997627645,64
final_lr010_seed3,0.1,3,8,self,0.8348039215686275,0.5216241126546481,3.899138052970554,128
final_lr010_seed3,0.1,3,8,self,0.8122549019607843,0.665401916253858,4.814004726221713,256
final_lr010_seed3,0.1,3,8,self,0.7671568627450981,1.4240458169246302,6.500411464782456,512
final_lr010_seed3,0.1,3,8,final,0.3093137254901961,1.6436208281386522,-0.25827944959249904,1
final_lr010_seed3,0.1,3,8,final,0.5078431372549019,1.17986759867693,-0.07936016987173394,2
final_lr010_seed3,0.1,3,8,final,0.7220588235294118,0.7415241012045644,1.3549624632569548,4
final_lr010_seed3,0.1,3,8,final,0.8269607843137254,0.5400037271257221,3.1694077323660372,8
final_lr010_seed3,0.1,3,8,final,0.8323529411764706,0.5204509872427915,3.4073551670413367,16
final_lr010_seed3,0.1,3,8,final,0.8313725490196079,0.5159826064283161,3.481401028782653,32
final_lr010_seed3,0.1,3,8,final,0.8338235294117647,0.507545008627187,3.51963247290121,39
final_lr010_seed3,0.1,3,8,final,0.8348039215686275,0.5100652024127569,3.5649520362502947,52
final_lr010_seed3,0.1,3,8,final,0.8343137254901961,0.5166736656208337,3.5531504581465088,64
final_lr010_seed3,0.1,3,8,final,0.836764705882353,0.5261478337570882,3.7908267637495623,128
final_lr010_seed3,0.1,3,8,final,0.8264705882352941,0.5843915000350489,4.255777365325901,256
final_lr010_seed3,0.1,3,8,final,0.8166666666666667,0.7210697707737262,5.130343187729292,512
final_lr010_seed3,0.1,3,10,self,0.3382352941176471,1.6323103142335105,-0.27271461285218296,1
final_lr010_seed3,0.1,3,10,self,0.55,1.1786326682363444,0.21483537339898268,2
final_lr010_seed3,0.1,3,10,self,0.7259803921568627,0.7736347601401605,1.283837075303113,4
final_lr010_seed3,0.1,3,10,self,0.8343137254901961,0.4982434999285335,3.284183910249981,8
final_lr010_seed3,0.1,3,10,self,0.8441176470588235,0.47136130287304845,3.61137044265559,16
final_lr010_seed3,0.1,3,10,self,0.8524509803921568,0.45114383860446394,3.7925681765013146,32
final_lr010_seed3,0.1,3,10,self,0.8524509803921568,0.4459763108142872,3.876565860490801,39
final_lr010_seed3,0.1,3,10,self,0.8514705882352941,0.44103340208794245,3.964094482890966,52
final_lr010_seed3,0.1,3,10,self,0.8549019607843137,0.4369178174158457,4.014557386626937,64
final_lr010_seed3,0.1,3,10,self,0.8524509803921568,0.4588402691730148,4.514441608290709,128
final_lr010_seed3,0.1,3,10,self,0.8215686274509804,0.6223045371748877,5.6985660019790325,256
final_lr010_seed3,0.1,3,10,self,0.7872549019607843,1.3564390428412836,7.1661087516132085,512
final_lr010_seed3,0.1,3,10,final,0.3073529411764706,1.6264797576671353,-0.19081844728015487,1
final_lr010_seed3,0.1,3,10,final,0.5323529411764706,1.1297090498885283,0.07239635676886036,2
final_lr010_seed3,0.1,3,10,final,0.7676470588235295,0.667142335732059,1.7217493603778313,4
final_lr010_seed3,0.1,3,10,final,0.8343137254901961,0.5021927172678129,3.34830295322193,8
final_lr010_seed3,0.1,3,10,final,0.8387254901960784,0.4756173283611283,3.597671108820843,16
final_lr010_seed3,0.1,3,10,final,0.8450980392156863,0.4639081742070604,3.622237474977633,32
final_lr010_seed3,0.1,3,10,final,0.8514705882352941,0.46035684118631365,3.7610994997854403,39
final_lr010_seed3,0.1,3,10,final,0.8455882352941176,0.4541658814031661,3.8159356009293015,52
final_lr010_seed3,0.1,3,10,final,0.8490196078431372,0.452607295052321,3.910845807250792,64
final_lr010_seed3,0.1,3,10,final,0.8455882352941176,0.44924816426554576,4.315731451031874,128
final_lr010_seed3,0.1,3,10,final,0.8406862745098039,0.4788943176432052,4.936559971490861,256
final_lr010_seed3,0.1,3,10,final,0.832843137254902,0.6109867865122195,5.8962850110647675,512
final_lr010_seed3,0.1,3,12,self,0.3235294117647059,1.6203015495527253,-0.23190299113134047,1
final_lr010_seed3,0.1,3,12,self,0.5647058823529412,1.1514526389812823,0.40982939187743533,2
final_lr010_seed3,0.1,3,12,self,0.7387254901960785,0.7914767895864531,2.0245182767341037,4
final_lr010_seed3,0.1,3,12,self,0.8357843137254902,0.505433917444963,3.8290310425599583,8
final_lr010_seed3,0.1,3,12,self,0.8534313725490196,0.4570248320374956,4.152666256712691,16
final_lr010_seed3,0.1,3,12,self,0.8509803921568627,0.45505266319835963,4.193801757642718,32
final_lr010_seed3,0.1,3,12,self,0.8549019607843137,0.44923840356058614,4.250020919456715,39
final_lr010_seed3,0.1,3,12,self,0.8534313725490196,0.4468176025594472,4.288395155764079,52
final_lr010_seed3,0.1,3,12,self,0.8524509803921568,0.45092866069069676,4.325072207559627,64
final_lr010_seed3,0.1,3,12,self,0.8416666666666667,0.4982705762869981,4.847519857368078,128
final_lr010_seed3,0.1,3,12,self,0.8274509803921568,0.680983363498278,6.0354859275934984,256
final_lr010_seed3,0.1,3,12,self,0.7950980392156862,1.222135868132374,7.591778170322715,512
final_lr010_seed3,0.1,3,12,final,0.32303921568627453,1.6023646851939481,-0.2602366189357241,1
final_lr010_seed3,0.1,3,12,final,0.5495098039215687,1.1015661585764025,0.01710118005037462,2
final_lr010_seed3,0.1,3,12,final,0.7725490196078432,0.6619502375739041,1.9878786794793766,4
final_lr010_seed3,0.1,3,12,final,0.842156862745098,0.48924688713283865,3.9583320280098686,8
final_lr010_seed3,0.1,3,12,final,0.8490196078431372,0.463028360992879,4.127701082598376,16
final_lr010_seed3,0.1,3,12,final,0.8495098039215686,0.45679771010819054,4.142539162599052,32
final_lr010_seed3,0.1,3,12,final,0.8475490196078431,0.4531561701651274,4.191949541006423,39
final_lr010_seed3,0.1,3,12,final,0.8475490196078431,0.45152178215619587,4.269140221795277,52
final_lr010_seed3,0.1,3,12,final,0.8485294117647059,0.45656417836091595,4.311739881233748,64
final_lr010_seed3,0.1,3,12,final,0.8524509803921568,0.4738829129875559,4.650416841791985,128
final_lr010_seed3,0.1,3,12,final,0.8490196078431372,0.4994358143977472,5.263196494880282,256
final_lr010_seed3,0.1,3,12,final,0.8397058823529412,0.579853760225407,6.391349877104802,512
final_lr010_seed3,0.1,3,14,self,0.3622549019607843,1.5660207686153986,-0.21051877072738054,1
final_lr010_seed3,0.1,3,14,self,0.4818627450980392,1.314576313935408,-0.030248928572844985,2
final_lr010_seed3,0.1,3,14,self,0.6970588235294117,0.8911516923054139,1.256392965334864,4
final_lr010_seed3,0.1,3,14,self,0.8225490196078431,0.5249553946629392,3.3977173016266744,8
final_lr010_seed3,0.1,3,14,self,0.842156862745098,0.47469456726394693,3.9955554176085455,16
final_lr010_seed3,0.1,3,14,self,0.8441176470588235,0.4607643257975754,4.244892970441218,32
final_lr010_seed3,0.1,3,14,self,0.8465686274509804,0.45432818966237676,4.354384498035606,39
final_lr010_seed3,0.1,3,14,self,0.8504901960784313,0.45593764421850497,4.4826582775165535,52
final_lr010_seed3,0.1,3,14,self,0.85,0.45792690418502363,4.524052500414784,64
final_lr010_seed3,0.1,3,14,self,0.8514705882352941,0.463452923643072,5.012669631078012,128
final_lr010_seed3,0.1,3,14,self,0.8294117647058824,0.6276421744492544,6.30558095578071,256
final_lr010_seed3,0.1,3,14,self,0.8142156862745098,1.144042647571169,7.6906384365271725,512
final_lr010_seed3,0.1,3,14,final,0.3333333333333333,1.5934484396379052,-0.24393043287559144,1
final_lr010_seed3,0.1,3,14,final,0.5495098039215687,1.1445603725939182,0.0668627033508514,2
final_lr010_seed3,0.1,3,14,final,0.763235294117647,0.6733293943136921,1.7988548066002117,4
final_lr010_seed3,0.1,3,14,final,0.8264705882352941,0.5066617868068871,3.541126692080522,8
final_lr010_seed3,0.1,3,14,final,0.8362745098039216,0.48231192256225,3.9746314197176544,16
final_lr010_seed3,0.1,3,14,final,0.8397058823529412,0.46952973286431055,4.053684197199528,32
final_lr010_seed3,0.1,3,14,final,0.8470588235294118,0.46242011587753,4.077997999341839,39
final_lr010_seed3,0.1,3,14,final,0.8446078431372549,0.465684845483157,4.21131750612066,52
final_lr010_seed3,0.1,3,14,final,0.8480392156862745,0.45743578626315656,4.307954887908324,64
final_lr010_seed3,0.1,3,14,final,0.8450980392156863,0.46007431861727593,4.609044317071599,128
final_lr010_seed3,0.1,3,14,final,0.8441176470588235,0.4890326697920626,5.208452507678382,256
final_lr010_seed3,0.1,3,14,final,0.8475490196078431,0.5391861910608599,6.284668126003473,512
final_lr010_seed3,0.1,3,16,self,0.353921568627451,1.5558769590363246,-0.26859052396675276,1
final_lr010_seed3,0.1,3,16,self,0.5632352941176471,1.1434783011109662,0.15711477525071652,2
final_lr010_seed3,0.1,3,16,self,0.7666666666666667,0.6728387440424962,1.8411629394291773,4
final_lr010_seed3,0.1,3,16,self,0.8284313725490197,0.5036401973374826,3.502174969278419,8
final_lr010_seed3,0.1,3,16,self,0.8534313725490196,0.4589604563245528,4.147239848193275,16
final_lr010_seed3,0.1,3,16,self,0.8539215686274509,0.46282674867979573,4.392168249830576,32
final_lr010_seed3,0.1,3,16,self,0.8598039215686275,0.4564843492912699,4.4952589996612975,39
final_lr010_seed3,0.1,3,16,self,0.8549019607843137,0.45939161090151176,4.552157210208877,52
final_lr010_seed3,0.1,3,16,self,0.8642156862745098,0.46118163312500676,4.611971165785132,64
final_lr010_seed3,0.1,3,16,self,0.8524509803921568,0.5026525812670658,4.9255795348111535,128
final_lr010_seed3,0.1,3,16,self,0.8333333333333334,0.6702024095437746,6.171953097959541,256
final_lr010_seed3,0.1,3,16,self,0.7990196078431373,1.2627920399592836,7.569945636539259,512
final_lr010_seed3,0.1,3,16,final,0.3392156862745098,1.5802659113840722,-0.23976808931421623,1
final_lr010_seed3,0.1,3,16,final,0.5656862745098039,1.1075073462753526,0.07071352470006192,2
final_lr010_seed3,0.1,3,16,final,0.7558823529411764,0.6501157422491192,1.75920277124656,4
final_lr010_seed3,0.1,3,16,final,0.8362745098039216,0.4864353728369948,3.855769957554848,8
final_lr010_seed3,0.1,3,16,final,0.8485294117647059,0.47020785253240055,4.037339063820651,16
final_lr010_seed3,0.1,3,16,final,0.8475490196078431,0.4647587640100188,4.277879554319816,32
final_lr010_seed3,0.1,3,16,final,0.8514705882352941,0.4616309777439075,4.336651860461995,39
final_lr010_seed3,0.1,3,16,final,0.8563725490196078,0.45212172172208787,4.430684656078296,52
final_lr010_seed3,0.1,3,16,final,0.8544117647058823,0.45797545525241806,4.523031750351376,64
final_lr010_seed3,0.1,3,16,final,0.8485294117647059,0.4726281249852409,4.841306514171444,128
final_lr010_seed3,0.1,3,16,final,0.8490196078431372,0.5203401290968381,5.463440694030172,256
final_lr010_seed3,0.1,3,16,final,0.8436274509803922,0.5966584391789044,6.444455304954527,512
final_lr010_seed3,0.1,3,18,self,0.34705882352941175,1.5340043005269122,-0.23928100607959527,1
final_lr010_seed3,0.1,3,18,self,0.503921568627451,1.2415156219501315,0.25144375278268577,2
final_lr010_seed3,0.1,3,18,self,0.7181372549019608,0.7621290482984532,1.275542508685597,4
final_lr010_seed3,0.1,3,18,self,0.8318627450980393,0.48949264882842675,3.7160337428896706,8
final_lr010_seed3,0.1,3,18,self,0.8431372549019608,0.44117023012137035,4.238851466219272,16
final_lr010_seed3,0.1,3,18,self,0.8504901960784313,0.43527083057362564,4.507496343757349,32
final_lr010_seed3,0.1,3,18,self,0.8549019607843137,0.43551466756125934,4.569120307297243,39
final_lr010_seed3,0.1,3,18,self,0.8544117647058823,0.4441685315773838,4.570386592280954,52
final_lr010_seed3,0.1,3,18,self,0.8583333333333333,0.4489544515428299,4.607766379621289,64
final_lr010_seed3,0.1,3,18,self,0.8534313725490196,0.4770453556895379,5.089079956057588,128
final_lr010_seed3,0.1,3,18,self,0.8397058823529412,0.6495334266694796,6.3723031442699,256
final_lr010_seed3,0.1,3,18,self,0.8098039215686275,1.1828325002114806,7.613763876985118,512
final_lr010_seed3,0.1,3,18,final,0.3014705882352941,1.59214846323241,-0.22875201344684024,1
final_lr010_seed3,0.1,3,18,final,0.557843137254902,1.0750735314532605,0.1442809147957538,2
final_lr010_seed3,0.1,3,18,final,0.7514705882352941,0.6644456470781451,1.648632190426139,4
final_lr010_seed3,0.1,3,18,final,0.8436274509803922,0.45745197954601335,3.930641072899978,8
final_lr010_seed3,0.1,3,18,final,0.8450980392156863,0.4468852268660413,4.151113749227586,16
final_lr010_seed3,0.1,3,18,final,0.8534313725490196,0.4431223714058518,4.298654778311819,32
final_lr010_seed3,0.1,3,18,final,0.8544117647058823,0.4422798224090396,4.317677079876526,39
final_lr010_seed3,0.1,3,18,final,0.8549019607843137,0.4415815252503479,4.4186516063593695,52
final_lr010_seed3,0.1,3,18,final,0.8544117647058823,0.44701487805309303,4.428453988147592,64
final_lr010_seed3,0.1,3,18,final,0.8549019607843137,0.4684564871973822,4.7677734415056126,128
final_lr010_seed3,0.1,3,18,final,0.846078431372549,0.49912128784062665,5.372764417353434,256
final_lr010_seed3,0.1,3,18,final,0.8485294117647059,0.5750246642895539,6.522358286498175,512
final_lr010_seed3,0.1,3,20,self,0.3607843137254902,1.5063172196367371,-0.22425529885554737,1
final_lr010_seed3,0.1,3,20,self,0.5936274509803922,1.009593354232176,0.49561256932266134,2
final_lr010_seed3,0.1,3,20,self,0.7622549019607843,0.6604588249772853,1.6327577017538948,4
final_lr010_seed3,0.1,3,20,self,0.8612745098039216,0.42231083340181264,4.297577963103226,8
final_lr010_seed3,0.1,3,20,self,0.8808823529411764,0.3805395094221277,4.845127099632138,16
final_lr010_seed3,0.1,3,20,self,0.884313725490196,0.3835706038807162,4.950630083077889,32
final_lr010_seed3,0.1,3,20,self,0.8813725490196078,0.3898583756142108,4.970565145110584,39
final_lr010_seed3,0.1,3,20,self,0.8823529411764706,0.3960931574796008,5.1016865935741,52
final_lr010_seed3,0.1,3,20,self,0.8848039215686274,0.3952954576068344,5.145239520520416,64
final_lr010_seed3,0.1,3,20,self,0.8769607843137255,0.4461006573210903,5.650400004956218,128
final_lr010_seed3,0.1,3,20,self,0.85,0.6566712423431701,6.888381000921159,256
final_lr010_seed3,0.1,3,20,self,0.8338235294117647,0.9877780206576907,7.500005211143891,512
final_lr010_seed3,0.1,3,20,final,0.33088235294117646,1.5536719032366784,-0.2039015597026899,1
final_lr010_seed3,0.1,3,20,final,0.5735294117647058,1.0148655979167582,0.15238407207843768,2
final_lr010_seed3,0.1,3,20,final,0.796078431372549,0.5770222430427814,2.1190512818420904,4
final_lr010_seed3,0.1,3,20,final,0.8696078431372549,0.3954700530939301,4.346712425179315,8
final_lr010_seed3,0.1,3,20,final,0.8808823529411764,0.38303775846918475,4.791498405943921,16
final_lr010_seed3,0.1,3,20,final,0.8799019607843137,0.38645099413015355,4.836089339518222,32
final_lr010_seed3,0.1,3,20,final,0.8813725490196078,0.38882475058007,4.945055789073132,39
final_lr010_seed3,0.1,3,20,final,0.8784313725490196,0.39546534099411956,5.040326997799529,52
final_lr010_seed3,0.1,3,20,final,0.8848039215686274,0.3960002285817991,5.169803608396028,64
final_lr010_seed3,0.1,3,20,final,0.8774509803921569,0.409695738344509,5.536011841650129,128
final_lr010_seed3,0.1,3,20,final,0.8691176470588236,0.4552485984308782,6.000302007270469,256
final_lr010_seed3,0.1,3,20,final,0.8647058823529412,0.5351527079533949,7.295750848589843,512
final_lr010_seed3,0.1,3,24,self,0.3176470588235294,1.5825553188701977,-0.2207647690800041,1
final_lr010_seed3,0.1,3,24,self,0.5509803921568628,1.149702644740145,0.1817145446927055,2
final_lr010_seed3,0.1,3,24,self,0.7916666666666666,0.6134728604460187,2.3671464214689095,4
final_lr010_seed3,0.1,3,24,self,0.8632352941176471,0.43193294726286297,4.46080702431379,8
final_lr010_seed3,0.1,3,24,self,0.8754901960784314,0.39276568336139916,4.99625952106941,16
final_lr010_seed3,0.1,3,24,self,0.8759803921568627,0.3895926825490177,5.228125002687828,32
final_lr010_seed3,0.1,3,24,self,0.8794117647058823,0.39026596836231686,5.360121388398161,39
final_lr010_seed3,0.1,3,24,self,0.8764705882352941,0.38856512391320897,5.500312457045389,52
final_lr010_seed3,0.1,3,24,self,0.8779411764705882,0.39299661245473,5.577150951168223,64
final_lr010_seed3,0.1,3,24,self,0.8700980392156863,0.4356189852865726,6.038345871451836,128
final_lr010_seed3,0.1,3,24,self,0.8588235294117647,0.6041545385761654,7.536842987341473,256
final_lr010_seed3,0.1,3,24,self,0.8323529411764706,1.0952200337713116,7.939938818765229,512
final_lr010_seed3,0.1,3,24,final,0.31470588235294117,1.5521778493329144,-0.21216652697961078,1
final_lr010_seed3,0.1,3,24,final,0.5813725490196079,1.0430334842878355,0.12525447416858226,2
final_lr010_seed3,0.1,3,24,final,0.7906862745098039,0.5830189260956136,2.128590332878424,4
final_lr010_seed3,0.1,3,24,final,0.8661764705882353,0.41609395582646563,4.7365371550685555,8
final_lr010_seed3,0.1,3,24,final,0.8769607843137255,0.3963309504166646,4.964030014174009,16
final_lr010_seed3,0.1,3,24,final,0.8740196078431373,0.39653561917110697,5.101969427066438,32
final_lr010_seed3,0.1,3,24,final,0.8764705882352941,0.39856189233958284,5.121675552311753,39
final_lr010_seed3,0.1,3,24,final,0.8740196078431373,0.4012868131894769,5.261579126144287,52
final_lr010_seed3,0.1,3,24,final,0.8725490196078431,0.4027001651398524,5.402180490696808,64
final_lr010_seed3,0.1,3,24,final,0.8740196078431373,0.41437392515274124,6.0024893371394255,128
final_lr010_seed3,0.1,3,24,final,0.8700980392156863,0.44649184982064416,6.682795172812731,256
final_lr010_seed3,0.1,3,24,final,0.8661764705882353,0.5182863126872411,7.951011705041604,512
final_lr010_seed3,0.1,3,28,self,0.39166666666666666,1.495612282769742,-0.08671650496995023,1
final_lr010_seed3,0.1,3,28,self,0.6220588235294118,1.0242882003015854,0.5350791076537137,2
final_lr010_seed3,0.1,3,28,self,0.7813725490196078,0.6022156310289359,1.9646322306228785,4
final_lr010_seed3,0.1,3,28,self,0.8764705882352941,0.3845195620080857,4.7759011033708045,8
final_lr010_seed3,0.1,3,28,self,0.8769607843137255,0.36506782875356764,5.1286749110695515,16
final_lr010_seed3,0.1,3,28,self,0.8784313725490196,0.3710008272635222,5.242205300894228,32
final_lr010_seed3,0.1,3,28,self,0.8784313725490196,0.37248510501280097,5.2010494393508795,39
final_lr010_seed3,0.1,3,28,self,0.8838235294117647,0.3775890553276436,5.455573556153282,52
final_lr010_seed3,0.1,3,28,self,0.8823529411764706,0.3748886109726927,5.548291962191398,64
final_lr010_seed3,0.1,3,28,self,0.871078431372549,0.43760180818760747,6.158365517396275,128
final_lr010_seed3,0.1,3,28,self,0.8637254901960785,0.6021234386608684,7.597457581525753,256
final_lr010_seed3,0.1,3,28,self,0.8495098039215686,0.8771904332860089,7.703555067553512,512
final_lr010_seed3,0.1,3,28,final,0.37401960784313726,1.4803157242395044,-0.20744307945452092,1
final_lr010_seed3,0.1,3,28,final,0.6098039215686275,1.0082751075294647,0.2207724605383572,2
final_lr010_seed3,0.1,3,28,final,0.8034313725490196,0.5435736656010055,2.181064932065545,4
final_lr010_seed3,0.1,3,28,final,0.8764705882352941,0.37499132725722617,4.893142658841964,8
final_lr010_seed3,0.1,3,28,final,0.8799019607843137,0.36744822494550994,5.101417679050536,16
final_lr010_seed3,0.1,3,28,final,0.8784313725490196,0.37337679498417287,5.216333089255402,32
final_lr010_seed3,0.1,3,28,final,0.8759803921568627,0.3744560967158922,5.223011416523704,39
final_lr010_seed3,0.1,3,28,final,0.8779411764705882,0.3744709577761711,5.210220993276124,52
final_lr010_seed3,0.1,3,28,final,0.8803921568627451,0.37581909403543107,5.32954040840343,64
final_lr010_seed3,0.1,3,28,final,0.8799019607843137,0.3791276153241092,5.874993313489414,128
final_lr010_seed3,0.1,3,28,final,0.8779411764705882,0.4284565263473254,6.804906972463015,256
final_lr010_seed3,0.1,3,28,final,0.8779411764705882,0.4988648267997821,8.057674730267896,512
final_lr010_seed3,0.1,3,35,self,0.3730392156862745,1.521010312106521,-0.1726665784034532,1
final_lr010_seed3,0.1,3,35,self,0.5009803921568627,1.2361680197558444,0.06188129271707775,2
final_lr010_seed3,0.1,3,35,self,0.7485294117647059,0.7410042710005347,2.0245775837523445,4
final_lr010_seed3,0.1,3,35,self,0.8588235294117647,0.4456555798643554,4.101998073776844,8
final_lr010_seed3,0.1,3,35,self,0.8681372549019608,0.4147565044940513,4.841210081027686,16
final_lr010_seed3,0.1,3,35,self,0.8764705882352941,0.39496269501478154,5.022249371392261,32
final_lr010_seed3,0.1,3,35,self,0.8769607843137255,0.40215476545470624,5.169525039277956,39
final_lr010_seed3,0.1,3,35,self,0.8779411764705882,0.40124143887191327,5.217247997446516,52
final_lr010_seed3,0.1,3,35,self,0.8813725490196078,0.4025289984276079,5.4319644426587965,64
final_lr010_seed3,0.1,3,35,self,0.8720588235294118,0.4503358068308904,6.143797391716235,128
final_lr010_seed3,0.1,3,35,self,0.8514705882352941,0.6574822499252649,7.586148430057835,256
final_lr010_seed3,0.1,3,35,self,0.8279411764705882,0.9988631490773235,7.71872381993375,512
final_lr010_seed3,0.1,3,35,final,0.34852941176470587,1.5297228051310732,-0.19135607515854644,1
final_lr010_seed3,0.1,3,35,final,0.5877450980392157,1.058400049856557,0.0972904189060516,2
final_lr010_seed3,0.1,3,35,final,0.7985294117647059,0.5828313222688423,2.1383855957121245,4
final_lr010_seed3,0.1,3,35,final,0.8671568627450981,0.4253482136713395,4.451439732650345,8
final_lr010_seed3,0.1,3,35,final,0.8651960784313726,0.4159417742584097,4.707273101912652,16
final_lr010_seed3,0.1,3,35,final,0.8686274509803922,0.4070799751207908,4.860413611624134,32
final_lr010_seed3,0.1,3,35,final,0.8681372549019608,0.410398109181404,4.925822780108361,39
final_lr010_seed3,0.1,3,35,final,0.8740196078431373,0.4048303691063047,5.096368497585503,52
final_lr010_seed3,0.1,3,35,final,0.8769607843137255,0.40079052184965475,5.166330017676681,64
final_lr010_seed3,0.1,3,35,final,0.8754901960784314,0.42788863814872474,5.787461018425999,128
final_lr010_seed3,0.1,3,35,final,0.8754901960784314,0.4638923838562843,6.850510061024851,256
final_lr010_seed3,0.1,3,35,final,0.871078431372549,0.5548704651885771,8.252037855595285,512
final_lr010_seed3,0.1,3,45,self,0.3264705882352941,1.5376828887336826,-0.25907662434799267,1
final_lr010_seed3,0.1,3,45,self,0.5941176470588235,1.0252309781500057,0.2617208337268645,2
final_lr010_seed3,0.1,3,45,self,0.7715686274509804,0.6230460148625441,1.8122888305732878,4
final_lr010_seed3,0.1,3,45,self,0.8676470588235294,0.3850151133740572,4.9387044506112945,8
final_lr010_seed3,0.1,3,45,self,0.8774509803921569,0.36229111463699903,5.473940961775883,16
final_lr010_seed3,0.1,3,45,self,0.8725490196078431,0.3562288432898465,5.605924287436918,32
final_lr010_seed3,0.1,3,45,self,0.8808823529411764,0.3513938622480757,5.711818792749888,39
final_lr010_seed3,0.1,3,45,self,0.8838235294117647,0.35166273162937123,5.681122883835147,52
final_lr010_seed3,0.1,3,45,self,0.8838235294117647,0.3542138073833536,5.857139488645509,64
final_lr010_seed3,0.1,3,45,self,0.8779411764705882,0.40922675793390795,6.6111346914988784,128
final_lr010_seed3,0.1,3,45,self,0.8696078431372549,0.5774627977470076,7.867842707527676,256
final_lr010_seed3,0.1,3,45,self,0.8553921568627451,0.7907862905500909,7.608893382850682,512
final_lr010_seed3,0.1,3,45,final,0.3299019607843137,1.5444146264836505,-0.23580278373652638,1
final_lr010_seed3,0.1,3,45,final,0.5764705882352941,1.0325758282547395,0.17565329255904857,2
final_lr010_seed3,0.1,3,45,final,0.8093137254901961,0.5381886211039784,2.464151808425704,4
final_lr010_seed3,0.1,3,45,final,0.8725490196078431,0.37505145780233806,5.258293042707311,8
final_lr010_seed3,0.1,3,45,final,0.8784313725490196,0.3606159598902166,5.523470259128936,16
final_lr010_seed3,0.1,3,45,final,0.8769607843137255,0.3570737492275577,5.5005007147411185,32
final_lr010_seed3,0.1,3,45,final,0.8769607843137255,0.35691050887656395,5.568825354141504,39
final_lr010_seed3,0.1,3,45,final,0.878921568627451,0.3498039699096424,5.56665432788241,52
final_lr010_seed3,0.1,3,45,final,0.8808823529411764,0.35091720756824596,5.681023127673367,64
final_lr010_seed3,0.1,3,45,final,0.8808823529411764,0.37218614928881627,6.371878276825707,128
final_lr010_seed3,0.1,3,45,final,0.8818627450980392,0.41973621369472736,7.407986668557691,256
final_lr010_seed3,0.1,3,45,final,0.878921568627451,0.494626184606087,9.209388373550771,512
final_lr010_seed3,0.1,3,60,self,0.3931372549019608,1.4154692297249423,-0.04069658669519279,1
final_lr010_seed3,0.1,3,60,self,0.6078431372549019,1.021255031969371,0.3896088948210253,2
final_lr010_seed3,0.1,3,60,self,0.8151960784313725,0.5493117686466509,2.125985294634294,4
final_lr010_seed3,0.1,3,60,self,0.8779411764705882,0.3694049163750763,5.6389398813851,8
final_lr010_seed3,0.1,3,60,self,0.8818627450980392,0.3575505588358987,5.9776219752544195,16
final_lr010_seed3,0.1,3,60,self,0.8867647058823529,0.361562219472087,6.1152352046533585,32
final_lr010_seed3,0.1,3,60,self,0.8877450980392156,0.3634865040843619,6.271894877799973,39
final_lr010_seed3,0.1,3,60,self,0.888235294117647,0.3720704440615693,6.391160813576239,52
final_lr010_seed3,0.1,3,60,self,0.8941176470588236,0.3735742822138188,6.579986632608679,64
final_lr010_seed3,0.1,3,60,self,0.8862745098039215,0.4527280943954241,7.379782496795888,128
final_lr010_seed3,0.1,3,60,self,0.8602941176470589,0.6511235832746929,8.406773274106628,256
final_lr010_seed3,0.1,3,60,self,0.8598039215686275,0.7678301384323857,7.481104416466342,512
final_lr010_seed3,0.1,3,60,final,0.3553921568627451,1.4617968562583086,-0.1527266151202061,1
final_lr010_seed3,0.1,3,60,final,0.5965686274509804,0.9701785595574884,0.2463623160256006,2
final_lr010_seed3,0.1,3,60,final,0.8352941176470589,0.5095066956879669,2.5352407962621215,4
final_lr010_seed3,0.1,3,60,final,0.8823529411764706,0.36283065750940346,5.75098106551727,8
final_lr010_seed3,0.1,3,60,final,0.8838235294117647,0.35703242341131336,6.098265649301489,16
final_lr010_seed3,0.1,3,60,final,0.8872549019607843,0.3652362627338038,6.114627066472825,32
final_lr010_seed3,0.1,3,60,final,0.8887254901960784,0.3649833472523503,6.143202876939817,39
final_lr010_seed3,0.1,3,60,final,0.8857843137254902,0.36845890057942404,6.241365148990947,52
final_lr010_seed3,0.1,3,60,final,0.8897058823529411,0.37204789150350864,6.364807293423573,64
final_lr010_seed3,0.1,3,60,final,0.8857843137254902,0.4016862428621293,7.485051362140283,128
final_lr010_seed3,0.1,3,60,final,0.8759803921568627,0.47799352004141,9.071881389825949,256
final_lr010_seed3,0.1,3,60,final,0.8818627450980392,0.569480638713407,10.877463261589726,512
final_lr010_seed3,0.1,3,80,self,0.4068627450980392,1.4591649893567342,-0.05130691192337382,1
final_lr010_seed3,0.1,3,80,self,0.6799019607843138,0.910433375819461,0.6708062588589967,2
final_lr010_seed3,0.1,3,80,self,0.8058823529411765,0.5824715443670537,2.710122261406454,4
final_lr010_seed3,0.1,3,80,self,0.8779411764705882,0.3622821616778616,5.48984902565311,8
final_lr010_seed3,0.1,3,80,self,0.8965686274509804,0.3147789776735904,6.303586882682837,16
final_lr010_seed3,0.1,3,80,self,0.9009803921568628,0.3212802443296287,6.379174368685173,32
final_lr010_seed3,0.1,3,80,self,0.9019607843137255,0.32235084320924956,6.455384693396335,39
final_lr010_seed3,0.1,3,80,self,0.8980392156862745,0.32426918589284254,6.677926157643357,52
final_lr010_seed3,0.1,3,80,self,0.9009803921568628,0.32884494714427603,6.731737244446192,64
final_lr010_seed3,0.1,3,80,self,0.8965686274509804,0.39519622108555824,7.666322884939439,128
final_lr010_seed3,0.1,3,80,self,0.8911764705882353,0.5049849349971742,8.625840587152092,256
final_lr010_seed3,0.1,3,80,self,0.8764705882352941,0.5935654315778065,7.430846719852668,512
final_lr010_seed3,0.1,3,80,final,0.35,1.5353554653762203,-0.19984872291218092,1
final_lr010_seed3,0.1,3,80,final,0.5941176470588235,0.9963203298794528,0.1815383196903391,2
final_lr010_seed3,0.1,3,80,final,0.8333333333333334,0.4858251764622289,3.0140299885085224,4
final_lr010_seed3,0.1,3,80,final,0.8936274509803922,0.3243033727168177,5.888675486417524,8
final_lr010_seed3,0.1,3,80,final,0.8960784313725491,0.31720025743025887,6.205559435239156,16
final_lr010_seed3,0.1,3,80,final,0.8990196078431373,0.32403604575699163,6.3521407401780525,32
final_lr010_seed3,0.1,3,80,final,0.8980392156862745,0.32245670369605633,6.3024967176937166,39
final_lr010_seed3,0.1,3,80,final,0.8995098039215687,0.3218092113068726,6.448027172930619,52
final_lr010_seed3,0.1,3,80,final,0.8990196078431373,0.3351560645185537,6.836407367572101,64
final_lr010_seed3,0.1,3,80,final,0.8955882352941177,0.364384356021271,8.13836451829899,128
final_lr010_seed3,0.1,3,80,final,0.8965686274509804,0.4224948709402624,9.741297828178604,256
final_lr010_seed3,0.1,3,80,final,0.8955882352941177,0.49466754578005695,11.586402302747386,512
final_lr010_seed3,0.1,3,100,self,0.4343137254901961,1.4411141169761188,-0.026796821516450676,1
final_lr010_seed3,0.1,3,100,self,0.6897058823529412,0.9230907446360851,0.7433260421646178,2
final_lr010_seed3,0.1,3,100,self,0.8338235294117647,0.5316515648693705,3.018452466743899,4
final_lr010_seed3,0.1,3,100,self,0.9004901960784314,0.32731598119475713,5.662538973701872,8
final_lr010_seed3,0.1,3,100,self,0.9093137254901961,0.29897115305293825,6.266215666304795,16
final_lr010_seed3,0.1,3,100,self,0.9083333333333333,0.3047214977369054,6.506384410650773,32
final_lr010_seed3,0.1,3,100,self,0.9068627450980392,0.31090669863000137,6.755073515577121,39
final_lr010_seed3,0.1,3,100,self,0.907843137254902,0.31284543762561423,6.9717052462327915,52
final_lr010_seed3,0.1,3,100,self,0.9073529411764706,0.3152710682222745,7.153730595927373,64
final_lr010_seed3,0.1,3,100,self,0.9029411764705882,0.38832104705078313,8.148380155677165,128
final_lr010_seed3,0.1,3,100,self,0.890686274509804,0.5152444527917751,8.55487291943822,256
final_lr010_seed3,0.1,3,100,self,0.8892156862745098,0.5538886849400614,7.372202748024155,512
final_lr010_seed3,0.1,3,100,final,0.382843137254902,1.5002244867073307,-0.15117491190401125,1
final_lr010_seed3,0.1,3,100,final,0.6259803921568627,0.9863769780885835,0.23673177542885443,2
final_lr010_seed3,0.1,3,100,final,0.8446078431372549,0.46006569771843336,3.1430021363090095,4
final_lr010_seed3,0.1,3,100,final,0.9019607843137255,0.31209885425764133,5.781782884354722,8
final_lr010_seed3,0.1,3,100,final,0.9009803921568628,0.30167770142004974,6.262778753204727,16
final_lr010_seed3,0.1,3,100,final,0.9098039215686274,0.30687515169642193,6.553121595349221,32
final_lr010_seed3,0.1,3,100,final,0.9083333333333333,0.3082377134469475,6.741401624794622,39
final_lr010_seed3,0.1,3,100,final,0.9102941176470588,0.3155724527792723,6.8934890467303465,52
final_lr010_seed3,0.1,3,100,final,0.907843137254902,0.330287862260913,7.06834233547889,64
final_lr010_seed3,0.1,3,100,final,0.9068627450980392,0.3762684268671855,8.656461107487285,128
final_lr010_seed3,0.1,3,100,final,0.9004901960784314,0.4760167540055351,10.738153669102037,256
final_lr010_seed3,0.1,3,100,final,0.9029411764705882,0.5331409555151949,12.676393989567476,512
final_lr010_seed3,0.1,3,120,self,0.3946078431372549,1.4290734326259138,-0.2121206484033874,1
final_lr010_seed3,0.1,3,120,self,0.7093137254901961,0.8507126035036907,0.9056884112199812,2
final_lr010_seed3,0.1,3,120,self,0.832843137254902,0.4928955696831451,2.5868525448970385,4
final_lr010_seed3,0.1,3,120,self,0.8995098039215687,0.32180871043044634,6.210928701027692,8
final_lr010_seed3,0.1,3,120,self,0.9176470588235294,0.2935821768967488,7.275193525792296,16
final_lr010_seed3,0.1,3,120,self,0.9151960784313725,0.30327421183880104,7.555645377923054,32
final_lr010_seed3,0.1,3,120,self,0.9156862745098039,0.3050689890823108,7.681301495227208,39
final_lr010_seed3,0.1,3,120,self,0.9156862745098039,0.3207693081655745,7.820917201299418,52
final_lr010_seed3,0.1,3,120,self,0.9142156862745098,0.3343479936163537,8.018602959894507,64
final_lr010_seed3,0.1,3,120,self,0.9122549019607843,0.3909061227469586,8.643914683595632,128
final_lr010_seed3,0.1,3,120,self,0.9098039215686274,0.4445147195193273,8.147826066038261,256
final_lr010_seed3,0.1,3,120,self,0.9122549019607843,0.427281287009383,7.09659070916531,512
final_lr010_seed3,0.1,3,120,final,0.3558823529411765,1.5022910760181,-0.16927774566962867,1
final_lr010_seed3,0.1,3,120,final,0.6455882352941177,0.89753707082548,0.42021331267184997,2
final_lr010_seed3,0.1,3,120,final,0.859313725490196,0.4424053697866872,3.1002008781453028,4
final_lr010_seed3,0.1,3,120,final,0.9102941176470588,0.30185172201226174,6.6811440980314885,8
final_lr010_seed3,0.1,3,120,final,0.9161764705882353,0.2958783382925507,7.081480195902438,16
final_lr010_seed3,0.1,3,120,final,0.9166666666666666,0.3003244488571095,7.518571977900493,32
final_lr010_seed3,0.1,3,120,final,0.9147058823529411,0.3071765001547165,7.53570765311161,39
final_lr010_seed3,0.1,3,120,final,0.9137254901960784,0.31616129935443615,7.790003777783391,52
final_lr010_seed3,0.1,3,120,final,0.9151960784313725,0.32827597844066075,7.959899391777369,64
final_lr010_seed3,0.1,3,120,final,0.9093137254901961,0.40028536559412803,9.31646827273418,128
final_lr010_seed3,0.1,3,120,final,0.907843137254902,0.4845949198110492,11.631913708386092,256
final_lr010_seed3,0.1,3,120,final,0.9107843137254902,0.534793582382372,13.404281573710684,512
final_lr010_seed3,0.1,3,140,self,0.3803921568627451,1.4888213076463837,-0.1701526849843861,1
final_lr010_seed3,0.1,3,140,self,0.6637254901960784,0.9879632658725338,0.39671792967105196,2
final_lr010_seed3,0.1,3,140,self,0.8480392156862745,0.5238925765273009,2.7399706733425657,4
final_lr010_seed3,0.1,3,140,self,0.9137254901960784,0.3226393626943877,6.730295198068018,8
final_lr010_seed3,0.1,3,140,self,0.9161764705882353,0.3232337425342658,7.256888764878217,16
final_lr010_seed3,0.1,3,140,self,0.9156862745098039,0.3354803323421796,7.603030575517481,32
final_lr010_seed3,0.1,3,140,self,0.913235294117647,0.3421628405227301,7.536142712165373,39
final_lr010_seed3,0.1,3,140,self,0.917156862745098,0.356942310830431,7.839327410748605,52
final_lr010_seed3,0.1,3,140,self,0.9176470588235294,0.3593449651559685,8.182561442226216,64
final_lr010_seed3,0.1,3,140,self,0.9102941176470588,0.4006423228054364,8.239032184749204,128
final_lr010_seed3,0.1,3,140,self,0.9156862745098039,0.41810104832000083,7.689155667867365,256
final_lr010_seed3,0.1,3,140,self,0.9161764705882353,0.3964360042823961,6.8134856303384,512
final_lr010_seed3,0.1,3,140,final,0.3642156862745098,1.4991159698078806,-0.2045727339253754,1
final_lr010_seed3,0.1,3,140,final,0.6656862745098039,0.9291419446965415,0.3868379175310664,2
final_lr010_seed3,0.1,3,140,final,0.8813725490196078,0.4180224244946299,3.543386530274033,4
final_lr010_seed3,0.1,3,140,final,0.917156862745098,0.3182469057960845,6.708160772934667,8
final_lr010_seed3,0.1,3,140,final,0.9166666666666666,0.325752417860862,7.276474100725936,16
final_lr010_seed3,0.1,3,140,final,0.9117647058823529,0.3369807178787145,7.4862286209318345,32
final_lr010_seed3,0.1,3,140,final,0.9151960784313725,0.3398862962960703,7.559579641944023,39
final_lr010_seed3,0.1,3,140,final,0.9147058823529411,0.3643720250139099,7.84641561684289,52
final_lr010_seed3,0.1,3,140,final,0.9142156862745098,0.38919878971483923,8.144575027049786,64
final_lr010_seed3,0.1,3,140,final,0.913235294117647,0.45422278753873496,9.751999271225992,128
final_lr010_seed3,0.1,3,140,final,0.9156862745098039,0.5290122579275818,11.663985901610346,256
final_lr010_seed3,0.1,3,140,final,0.9215686274509803,0.5432483723610619,13.233144488547609,512
final_lr010_seed3,0.1,3,160,self,0.4392156862745098,1.3467235847336338,-0.2542191043427846,1
final_lr010_seed3,0.1,3,160,self,0.7740196078431373,0.8353876324688195,0.9894930807806376,2
final_lr010_seed3,0.1,3,160,self,0.9093137254901961,0.4074236426300718,4.023026736563114,4
final_lr010_seed3,0.1,3,160,self,0.9308823529411765,0.2940496739241728,6.832262912484567,8
final_lr010_seed3,0.1,3,160,self,0.9338235294117647,0.2798172277754069,7.883396688339339,16
final_lr010_seed3,0.1,3,160,self,0.9333333333333333,0.2869060011560406,7.948981667522764,32
final_lr010_seed3,0.1,3,160,self,0.9343137254901961,0.28459164273968607,7.959846085215279,39
final_lr010_seed3,0.1,3,160,self,0.9387254901960784,0.27940220742938576,7.893455640421136,52
final_lr010_seed3,0.1,3,160,self,0.9401960784313725,0.28144292164171963,7.945936885782019,64
final_lr010_seed3,0.1,3,160,self,0.9377450980392157,0.2744998152116973,7.6660682651170555,128
final_lr010_seed3,0.1,3,160,self,0.9382352941176471,0.2724403565305296,7.3644605882817995,256
final_lr010_seed3,0.1,3,160,self,0.9372549019607843,0.2911997290242969,7.131478943339777,512
final_lr010_seed3,0.1,3,160,final,0.41911764705882354,1.4160126860776183,-0.21194116863965606,1
final_lr010_seed3,0.1,3,160,final,0.7568627450980392,0.8119622958127498,0.8651431295728932,2
final_lr010_seed3,0.1,3,160,final,0.9019607843137255,0.36787331661034706,4.105236799065386,4
final_lr010_seed3,0.1,3,160,final,0.932843137254902,0.28506224198638264,7.06245666714321,8
final_lr010_seed3,0.1,3,160,final,0.9352941176470588,0.28191324133433826,7.645270074952846,16
final_lr010_seed3,0.1,3,160,final,0.9318627450980392,0.29308388773643257,7.7803938108591595,32
final_lr010_seed3,0.1,3,160,final,0.9338235294117647,0.29363909016114964,7.78061849298634,39
final_lr010_seed3,0.1,3,160,final,0.9357843137254902,0.29276667034068843,7.901908504455071,52
final_lr010_seed3,0.1,3,160,final,0.9382352941176471,0.3027995702593744,7.9602035891916305,64
final_lr010_seed3,0.1,3,160,final,0.9367647058823529,0.36079522088457877,8.822674786946232,128
final_lr010_seed3,0.1,3,160,final,0.9367647058823529,0.37998113875761313,9.995039839687195,256
final_lr010_seed3,0.1,3,160,final,0.9372549019607843,0.3866215164437611,10.350810862170016,512
final_lr010_seed3,0.1,3,180,self,0.5622549019607843,1.2154088597880848,-0.01396030002010252,1
final_lr010_seed3,0.1,3,180,self,0.8691176470588236,0.6874126080282216,1.726532315988643,2
final_lr010_seed3,0.1,3,180,self,0.928921568627451,0.32305256341174704,4.742504603696316,4
final_lr010_seed3,0.1,3,180,self,0.9455882352941176,0.2264644532728871,6.9302754335680055,8
final_lr010_seed3,0.1,3,180,self,0.9465686274509804,0.22589712946324267,7.401691666519122,16
final_lr010_seed3,0.1,3,180,self,0.9475490196078431,0.2269098811192683,7.376210475698468,32
final_lr010_seed3,0.1,3,180,self,0.9480392156862745,0.22689277238546177,7.3715130153649895,39
final_lr010_seed3,0.1,3,180,self,0.9470588235294117,0.2234261677252634,7.279922303107535,52
final_lr010_seed3,0.1,3,180,self,0.9470588235294117,0.22437425698146307,7.2739669859153215,64
final_lr010_seed3,0.1,3,180,self,0.9480392156862745,0.2282447038536748,7.316309647948224,128
final_lr010_seed3,0.1,3,180,self,0.9455882352941176,0.23362574422258534,7.319376930342977,256
final_lr010_seed3,0.1,3,180,self,0.9470588235294117,0.23706716774719086,7.251343405451735,512
final_lr010_seed3,0.1,3,180,final,0.5838235294117647,1.1793456681299104,0.0577179813414286,1
final_lr010_seed3,0.1,3,180,final,0.8490196078431372,0.6788467283138668,1.6556622365945415,2
final_lr010_seed3,0.1,3,180,final,0.9225490196078432,0.3214638616407857,4.7823491111994265,4
final_lr010_seed3,0.1,3,180,final,0.9470588235294117,0.23211718331771877,6.978051046609543,8
final_lr010_seed3,0.1,3,180,final,0.9470588235294117,0.22914875402379128,7.504323218925121,16
final_lr010_seed3,0.1,3,180,final,0.9470588235294117,0.23038999017209336,7.408940804432793,32
final_lr010_seed3,0.1,3,180,final,0.9470588235294117,0.22967678565945343,7.359328433386055,39
final_lr010_seed3,0.1,3,180,final,0.9465686274509804,0.23559264545681524,7.477025787707514,52
final_lr010_seed3,0.1,3,180,final,0.9455882352941176,0.23929189779954427,7.439003527610741,64
final_lr010_seed3,0.1,3,180,final,0.9426470588235294,0.24716551337674683,7.2604322668700965,128
final_lr010_seed3,0.1,3,180,final,0.9411764705882353,0.2862889599723096,7.450716244411245,256
final_lr010_seed3,0.1,3,180,final,0.9343137254901961,0.34948655504386544,7.79253542404179,512
final_lr010_seed3,0.1,3,200,self,0.5950980392156863,1.1641020215034725,0.09212626093823921,1
final_lr010_seed3,0.1,3,200,self,0.8563725490196078,0.6607103573542913,1.7008056149372381,2
final_lr010_seed3,0.1,3,200,self,0.9284313725490196,0.3073537381010733,4.7891929532908675,4
final_lr010_seed3,0.1,3,200,self,0.9465686274509804,0.22441060904526042,6.83475818445358,8
final_lr010_seed3,0.1,3,200,self,0.9480392156862745,0.22169599188286934,7.432859056608675,16
final_lr010_seed3,0.1,3,200,self,0.9475490196078431,0.22271817836538602,7.403090064459791,32
final_lr010_seed3,0.1,3,200,self,0.9485294117647058,0.22258670639843534,7.394222672519602,39
final_lr010_seed3,0.1,3,200,self,0.9485294117647058,0.22205043419583237,7.391748809815871,52
final_lr010_seed3,0.1,3,200,self,0.9485294117647058,0.22355384064510433,7.382287516367798,64
final_lr010_seed3,0.1,3,200,self,0.9475490196078431,0.22399066029743894,7.336929441490267,128
final_lr010_seed3,0.1,3,200,self,0.9490196078431372,0.22934535833685626,7.3417674852212205,256
final_lr010_seed3,0.1,3,200,self,0.9495098039215686,0.232987867356267,7.299924581614588,512
final_lr010_seed3,0.1,3,200,final,0.5950980392156863,1.1641020215034725,0.09212626093823921,1
final_lr010_seed3,0.1,3,200,final,0.8563725490196078,0.6607103573542913,1.7008056149372381,2
final_lr010_seed3,0.1,3,200,final,0.9284313725490196,0.3073537381010733,4.7891929532908675,4
final_lr010_seed3,0.1,3,200,final,0.9465686274509804,0.22441060904526042,6.83475818445358,8
final_lr010_seed3,0.1,3,200,final,0.9480392156862745,0.22169599188286934,7.432859056608675,16
final_lr010_seed3,0.1,3,200,final,0.9475490196078431,0.22271817836538602,7.403090064459791,32
final_lr010_seed3,0.1,3,200,final,0.9485294117647058,0.22258670639843534,7.394222672519602,39
final_lr010_seed3,0.1,3,200,final,0.9485294117647058,0.22205043419583237,7.391748809815871,52
final_lr010_seed3,0.1,3,200,final,0.9485294117647058,0.22355384064510433,7.382287516367798,64
final_lr010_seed3,0.1,3,200,final,0.9475490196078431,0.22399066029743894,7.336929441490267,128
final_lr010_seed3,0.1,3,200,final,0.9490196078431372,0.22934535833685626,7.3417674852212205,256
final_lr010_seed3,0.1,3,200,final,0.9495098039215686,0.232987867356267,7.299924581614588,512
